우이신설경전철|우이신설경전철|4703|4∙19민주묘지|12701370|3764953|127.01369763482|37.6495307746374|subway|metro|150111
1호선|1호선|1907|가능|12704430|3774823|127.04429582703185|37.748233917313705|subway|metro|10101
3호선|3호선|0340|가락시장|12711790|3749277|127.11789963230|37.492765387938|subway|metro|10345
9호선|9호선|4107|가양|12685429|3756120|126.85428991202|37.561202980800|subway|metro|10901
우이신설경전철|우이신설경전철|4704|가오리|12701677|3764154|127.01676896839822|37.6415440572233|subway|metro|150110
인천2호선|인천2호선|3216|가재울|12668416|3748421|126.68416236523328|37.484210057792964|subway|metro|30201
인천2호선|인천2호선|3211|가정|12667589|3752494|126.67588804865636|37.52493544911693|subway|metro|30202
인천2호선|인천2호선|3212|가정중앙시장|12667755|3751769|126.6775510783912|37.51769146310838|subway|metro|30203
경의중앙선|경의중앙선|1265|가좌|12691510|3756857|126.91509963231|37.568565387939|subway|metro|100118
수인분당선|수인분당선|1851|가천대|12712666|3744855|127.1266627|37.44854953|subway|metro|20140
경춘선|경춘선|1323|가평|12751082|3781428|127.5108184341905|37.81428456116059|subway|metro|120101
1호선|1호선|1816|간석|12669379|3746458|126.69378799895296|37.46458218927415|subway|metro|10146
인천1호선|인천1호선|3123|간석오거리|12670766|3746716|126.70765517284|37.467160312766|subway|metro|30110
경춘선|경춘선|1312|갈매|12711477|3763392|127.11476787430064|37.63391890425688|subway|metro|120102
인천1호선|인천1호선|3117|갈산|12672159|3751688|126.72159152181868|37.51688221045768|subway|metro|30116
2호선|2호선|0222|강남|12702805|3749720|127.02805366094834|37.49720243679752|subway|metro|10215
7호선|7호선|1849|강남구청|12704116|3751715|127.04116279464|37.517148420244|subway|metro|10722
용인경전철|용인경전철|4502|강남대|12712617|3727004|127.12617266158597|37.27004446879131|subway|metro|130102
5호선|5호선|2549|강동|12713208|3753588|127.13207896644|37.535878860168|subway|metro|10539
8호선|8호선|2813|강동구청|12712027|3753047|127.12026914224|37.530470807115|subway|metro|10803
경의중앙선|경의중앙선|1269|강매|12684454|3761230|126.84454010648171|37.61230494285545|subway|metro|100124
2호선|2호선|0214|강변|12709469|3753488|127.09469440869745|37.5348770584265|subway|metro|10207
5호선|5호선|2562|강일|12717568|3755743|127.175680183486|37.5574259795986|subway|metro|10562
경춘선|경춘선|1326|강촌|12763425|3780562|127.63424584185462|37.805624570932146|subway|metro|120103
5호선|5호선|2559|개롱|12713483|3749783|127.13483275019|37.497826778695|subway|metro|10549
1호선|1호선|1801|개봉|12685827|3749461|126.85826764568|37.494613878986|subway|metro|10134
수인분당선|수인분당선|1027|개포동|12706586|3748901|127.0658627|37.4890091|subway|metro|20111
9호선|9호선|4101|개화|12679677|3757829|126.7967650138563|37.57828528239973|subway|metro|10902
5호선|5호선|2512|개화산|12680629|3757231|126.80628853454|37.572312421063|subway|metro|10502
5호선|5호선|2560|거여|12714367|3749317|127.14366721267|37.493167441457|subway|metro|10550
2호선|2호선|0212|건대입구|12706986|3754061|127.06986280128|37.540608887379|subway|metro|10205
김포도시철도|김포도시철도|4925|걸포북변|12670578|3763164|126.70577572197524|37.631638772756794|subway|metro|170106
인천2호선|인천2호선|3203|검단사거리|12665660|3760162|126.65660163824005|37.60162296222178|subway|metro|30204
인천2호선|인천2호선|3201|검단오류|12662812|3759492|126.62812047190583|37.59492341722339|subway|metro|30205
인천2호선|인천2호선|3208|검바위|12667787|3756137|126.67787223626818|37.561372643718514|subway|metro|30206
인천2호선|인천2호선|3207|검암|12667597|3756889|126.6759721732178|37.56889073108077|subway|metro|30207
경강선|경강선|1504|경기광주|12725347|3739903|127.25346591655584|37.39902991834045|subway|metro|20304
의정부경전철|의정부경전철|4610|경기도청 북부청사|12707165|3775077|127.07164506385632|37.750766826256836|subway|metro|20210
4호선|4호선|1451|경마공원|12700766|3744390|127.00765751562|37.443903766954|subway|metro|10428
3호선|3호선|0317|경복궁|12697348|3757561|126.97348323557|37.575605422065|subway|metro|10318
인천1호선|인천1호선|3115|경인교대입구|12672261|3753801|126.72261275935|37.538011683663|subway|metro|30118
의정부경전철|의정부경전철|4604|경전철의정부|12704333|3773710|127.0433262937639|37.73710393297706|subway|metro|20204
3호선|3호선|0341|경찰병원|12712430|3749577|127.12429963231|37.495765387938|subway|metro|10346
인천1호선|인천1호선|3114|계산|12672794|3754325|126.72793861238|37.543251323403|subway|metro|30119
인천1호선|인천1호선|3110|계양|12673604|3757167|126.7360439461752|37.571673476955794|subway|metro|30124
5호선|5호선|2553|고덕|12715408|3755503|127.15407852464|37.555034728635|subway|metro|10543
6호선|6호선|2641|고려대|12703586|3759034|127.03586416314|37.59033908051|subway|metro|10608
수인분당선|수인분당선|1873|고색|12698057|3724977|126.980572516343|37.2497717717764|subway|metro|20169
3호선|3호선|2736|고속터미널|12700454|3750437|127.00454027932|37.504366229245|subway|metro|10330
4호선|4호선|1757|고잔|12682293|3731675|126.82293066833172|37.31674533357575|subway|metro|10443
용인경전철|용인경전철|4513|고진|12721428|3724477|127.21427864703399|37.24476971643843|subway|metro|130112
김포도시철도|김포도시철도|4928|고촌|12677033|3760121|126.770325947061|37.601213413053|subway|metro|170109
경의중앙선|경의중앙선|1272|곡산|12680157|3764545|126.80157062242256|37.645445191560505|subway|metro|100111
의정부경전철|의정부경전철|4612|곤제|12708375|3775066|127.08375220294608|37.7506552337031|subway|metro|20212
경강선|경강선|1506|곤지암|12734647|3735049|127.34646666770696|37.35048575206775|subway|metro|20306
5호선|5호선|2530|공덕|12695189|3754298|126.95188953220112|37.54298043728907|subway|metro|10520
7호선|7호선|2718|공릉|12707282|3762551|127.07282359805|37.625513212671|subway|metro|10708
9호선|9호선|4103|공항시장|12681049|3756360|126.81048991203|37.563602980801|subway|metro|10904
공항철도|공항철도|4212|공항화물청사|12647764|3745875|126.47763552863265|37.4587517436732|subway|metro|90103
4호선|4호선|1453|과천|12699646|3743275|126.99645972679|37.432754762756|subway|metro|10430
1호선|1호선|1705|관악|12690862|3741945|126.90861861254|37.419445735761|subway|metro|10164
신림선|신림선|4411|관악산|12694510|3746909|126.94509952208|37.4690860478461|subway|metro|180111
신분당선|신분당선|4319|광교|12704423|3730212|127.04422599771105|37.30212185378659|subway|metro|110112
신분당선|신분당선|4318|광교중앙|12705160|3728852|127.05160462501128|37.28852221374003|subway|metro|110111
5호선|5호선|2547|광나루|12710351|3754505|127.10351212561|37.545048103533|subway|metro|10537
1호선|1호선|1750|광명|12688494|3741637|126.88493796112395|37.41637060588534|subway|metro|10196
7호선|7호선|2750|광명사거리|12685473|3747942|126.85472779665|37.479418980827|subway|metro|10740
1호선|1호선|1305|광운대|12706140|3762376|127.06139991639|37.623762649017|subway|metro|10111
5호선|5호선|2534|광화문|12697621|3757082|126.97621291125|37.570816504156|subway|metro|10524
6호선|6호선|2625|광흥창|12693182|3754747|126.93181765954|37.547469773435|subway|metro|10624
2호선|2호선|0330|교대|12701422|3749320|127.01422373881|37.493200613034|subway|metro|10216
김포도시철도|김포도시철도|4921|구래|12662858|3764539|126.62857604330732|37.64539340715656|subway|metro|170102
1호선|1호선|1701|구로|12688226|3750295|126.8822606179418|37.502946193025835|subway|metro|10132
2호선|2호선|0232|구로디지털단지|12690148|3748516|126.90148468313|37.485162149801|subway|metro|10225
수인분당선|수인분당선|1026|구룡|12705911|3748670|127.059108|37.48669555|subway|metro|20115
경의중앙선|경의중앙선|1205|구리|12714364|3760326|127.14363649435|37.603260290606|subway|metro|100139
9호선|9호선|4121|구반포|12698694|3750117|126.98694027932|37.501166229244|subway|metro|10905
6호선|6호선|2616|구산|12691719|3761126|126.91719225121|37.611258522375|subway|metro|10638
수인분당선|수인분당선|0010|구성|12710542|3729884|127.1054171|37.29883831|subway|metro|20137
2호선|2호선|0213|구의|12708573|3753692|127.08572966803|37.536918638724|subway|metro|10206
1호선|1호선|1813|구일|12687016|3749655|126.87015667802|37.496546705467|subway|metro|10133
3호선|3호선|0310|구파발|12691878|3763665|126.91878321482|37.636649115575|subway|metro|10311
경의중앙선|경의중앙선|1214|국수|12739917|3751610|127.39917370015|37.516103878236|subway|metro|100127
인천1호선|인천1호선|3138|국제업무지구|12663035|3739950|126.63034613441012|37.39950089963786|subway|metro|30113
9호선|9호선|4114|국회의사당|12691764|3752817|126.91763920416|37.528169942011|subway|metro|10906
5호선|5호선|2545|군자|12707943|3755713|127.07943303411|37.557133924835|subway|metro|10535
1호선|1호선|1709|군포|12694826|3735400|126.94825605516095|37.35400249793862|subway|metro|10168
경춘선|경춘선|1324|굴봉산|12755774|3783195|127.55774058754373|37.83194988329542|subway|metro|120104
7호선|7호선|3760|굴포천|12673111|3750708|126.73110710797067|37.507083338056056|subway|metro|10759
5호선|5호선|2551|굽은다리|12714281|3754538|127.14281164798|37.545379265532|subway|metro|10541
인천1호선|인천1호선|3111|귤현|12674239|3756622|126.74239048411268|37.56621734143828|subway|metro|30122
경춘선|경춘선|1316|금곡|12720753|3763732|127.20752536485296|37.637320695050164|subway|metro|120105
경의중앙선|경의중앙선|1279|금릉|12676520|3775110|126.76520377669338|37.751104322397154|subway|metro|100105
1호선|1호선|1458|금정|12694317|3737206|126.94316687664|37.372064241147|subway|metro|10167
1호선|1호선|1703|금천구청|12689343|3745608|126.89342596506873|37.45607730344292|subway|metro|10162
경의중앙선|경의중앙선|1280|금촌|12677466|3776597|126.77465757794373|37.76597180208753|subway|metro|100104
3호선|3호선|0324|금호|12701566|3754800|127.01566145100|37.548004010988|subway|metro|10325
수인분당선|수인분당선|1865|기흥|12711590|3727537|127.1158996|37.27536539|subway|metro|20123
5호선|5호선|2550|길동|12714004|3753794|127.14004329820547|37.53794494277726|subway|metro|10540
4호선|4호선|0417|길음|12702496|3760351|127.02496109234|37.603508497421|subway|metro|10409
용인경전철|용인경전철|4511|김량장|12719880|3723735|127.19879575656189|37.23734508554997|subway|metro|130110
경춘선|경춘선|1327|김유정|12771389|3781837|127.71388763744254|37.81836763979229|subway|metro|120106
5호선|5호선|1980|김포공항|12680147|3756226|126.80147029794692|37.56226010164151|subway|metro|10503
2호선|2호선|0200|까치산|12684674|3753168|126.84674322099|37.531683732422|subway|metro|10231
7호선|7호선|3753|까치울|12681133|3750633|126.81133088255116|37.50632982636289|subway|metro|10752
2호선|2호선|0227|낙성대|12696360|3747693|126.96360015514|37.476926072591|subway|metro|10220
7호선|7호선|2747|남구로|12688734|3748613|126.88733546929|37.486132829255|subway|metro|10737
인천2호선|인천2호선|3225|남동구청|12673663|3744842|126.7366259237876|37.448424446678025|subway|metro|30208
수인분당선|수인분당선|1883|남동인더스파크|12669533|3740740|126.6953325|37.40740117|subway|metro|20150
3호선|3호선|0331|남부터미널|12701619|3748482|127.01618975187|37.48482471707|subway|metro|10332
7호선|7호선|2739|남성|12697124|3748453|126.97123513697|37.484534687511|subway|metro|10729
1호선|1호선|1002|남영|12697129|3754059|126.97129361602536|37.54059346815636|subway|metro|10125
8호선|8호선|2828|남위례|12713935|3746272|127.139350997519|37.4627230752808|subway|metro|10820
경춘선|경춘선|1328|남춘천|12772346|3786378|127.7234594265572|37.86378285384552|subway|metro|120107
4호선|4호선|0434|남태령|12698884|3746425|126.98883630666627|37.46424858107809|subway|metro|10426
8호선|8호선|2823|남한산성입구|12715980|3745156|127.15979628094|37.451562536763|subway|metro|10813
7호선|7호선|2737|내방|12699322|3748751|126.99322231453|37.487511800919|subway|metro|10727
9호선|9호선|4118|노들|12695298|3751261|126.95297932426911|37.51260923196742|subway|metro|10908
1호선|1호선|1004|노량진|12694181|3751373|126.94180614686586|37.513732763211586|subway|metro|10127
4호선|4호선|0411|노원|12706201|3765496|127.06200534604257|37.654960363881045|subway|metro|10403
3호선|3호선|0313|녹번|12693575|3760086|126.93575297378|37.600855247606|subway|metro|10314
6호선|6호선|2630|녹사평|12698675|3753464|126.98675178778|37.534642010642|subway|metro|10619
1호선|1호선|1908|녹양|12704243|3775931|127.04243035921|37.759309740394|subway|metro|10187
1호선|1호선|1021|녹천|12705126|3764462|127.05125652042054|37.644619985400325|subway|metro|10109
7호선|7호선|2734|논현|12702128|3751119|127.02128307667|37.511186914218|subway|metro|10724
경의중앙선|경의중앙선|104C|능곡|12682030|3761891|126.82029521338018|37.61890741140846|subway|metro|100113
8호선|8호선|2824|단대오거리|12715665|3744513|127.15665174386|37.44512808175|subway|metro|10814
서해선|서해선|4811|달미|12680942|3734879|126.809416088572|37.3487879549025|subway|metro|160108
수인분당선|수인분당선|1878|달월|12674540|3738002|126.7454012|37.38002496|subway|metro|20145
5호선|5호선|2543|답십리|12705247|3756691|127.05247007659|37.566905978565|subway|metro|10533
4호선|4호선|0409|당고개|12707896|3767033|127.07895550849|37.670325722269|subway|metro|10401
신림선|신림선|4407|당곡|12692756|3749022|126.927560844494|37.490223280126|subway|metro|180107
2호선|2호선|0237|당산|12690242|3753426|126.90242410030254|37.534257527403085|subway|metro|10234
1호선|1호선|1729|당정|12694834|3734379|126.94834347130136|37.343791623679074|subway|metro|10197
3호선|3호선|103C|대곡|12681030|3763134|126.81029876299202|37.631335503602784|subway|metro|10306
4호선|4호선|1452|대공원|12700657|3743577|127.00657195018836|37.43577238556911|subway|metro|10429
2호선|2호선|2746|대림|12689591|3749307|126.89591045445|37.493072071403|subway|metro|10226
수인분당선|수인분당선|1028|대모산입구|12707243|3749133|127.0724266|37.49132987|subway|metro|20110
1호선|1호선|1005|대방|12692681|3751316|126.92680827431374|37.513163547029286|subway|metro|10128
경춘선|경춘선|1320|대성리|12737982|3768385|127.37981662723735|37.68384736501166|subway|metro|120108
4호선|4호선|1752|대야미|12691700|3732793|126.91700136757852|37.32792577868461|subway|metro|10438
3호선|3호선|0337|대청|12707952|3749346|127.07951501295|37.493460961119|subway|metro|10338
3호선|3호선|0335|대치|12706327|3749428|127.06326650381|37.494279495241|subway|metro|10336
3호선|3호선|1958|대화|12674733|3767594|126.74732800168675|37.67593649253591|subway|metro|10301
6호선|6호선|2626|대흥|12694222|3754766|126.94222056330|37.547664885931|subway|metro|10623
1호선|1호선|1910|덕계|12705636|3781867|127.05636038721|37.818668317728|subway|metro|10189
경의중앙선|경의중앙선|1208|덕소|12720882|3758651|127.20881787976951|37.586512857776576|subway|metro|100142
1호선|1호선|1911|덕정|12706140|3784320|127.06140141515691|37.84320440014257|subway|metro|10190
3호선|3호선|1025|도곡|12705535|3749083|127.05534837027|37.490825239111|subway|metro|10335
경의중앙선|경의중앙선|1206|도농|12716104|3760846|127.16103528274974|37.608457003774966|subway|metro|100140
2호선|2호선|0247|도림천|12688270|3751421|126.88270221357|37.514205221362|subway|metro|10228
1호선|1호선|1902|도봉|12704556|3767921|127.04556124463507|37.679214372177654|subway|metro|10106
1호선|1호선|1903|도봉산|12704611|3768937|127.0461116667279|37.689373809712436|subway|metro|10105
경의중앙선|경의중앙선|1209|도심|12722279|3757952|127.22278822328104|37.57952039851498|subway|metro|100143
1호선|1호선|1817|도원|12664248|3746824|126.64248254727|37.468235741174|subway|metro|10150
1호선|1호선|1823|도화|12666851|3746599|126.66850837948|37.465988376426|subway|metro|10148
3호선|3호선|0316|독립문|12695785|3757449|126.95785075887|37.574485059852|subway|metro|10317
6호선|6호선|2614|독바위|12693300|3761844|126.93299610067|37.618440705131|subway|metro|10636
1호선|1호선|1714|독산|12688922|3746651|126.88922240383|37.466507589563|subway|metro|10161
인천2호선|인천2호선|3206|독정|12667616|3758519|126.67616193630015|37.58519017201001|subway|metro|30209
6호선|6호선|2644|돌곶이|12705645|3761053|127.05644816033|37.610527706541|subway|metro|10605
1호선|1호선|0421|동대문|12701012|3757129|127.01011887827|37.571291323803|subway|metro|10119
2호선|2호선|2537|동대문역사문화공원|12700717|3756508|127.00716785345|37.565078290069|subway|metro|10245
3호선|3호선|0322|동대입구|12700528|3755883|127.00528129658|37.558832757118|subway|metro|10323
1호선|1호선|1915|동두천|12705479|3792766|127.05479211687839|37.927663557008316|subway|metro|10194
1호선|1호선|1913|동두천중앙|12705624|3790170|127.05624103089667|37.90169771089602|subway|metro|10192
인천1호선|인천1호선|3132|동막|12667342|3739797|126.67341993634|37.397969479166|subway|metro|30101
1호선|1호선|2637|동묘앞|12701559|3757254|127.01559319183245|37.572537414181774|subway|metro|10153
용인경전철|용인경전철|4505|동백|12715271|3726911|127.15271087992575|37.26911217062182|subway|metro|130105
인천1호선|인천1호선|3121|동수|12671844|3748529|126.71843693180472|37.485286689561576|subway|metro|30112
1호선|1호선|1808|동암|12670285|3747072|126.70285321476099|37.470716418022874|subway|metro|10145
의정부경전철|의정부경전철|4608|동오|12705692|3774521|127.05691805248737|37.74520687562203|subway|metro|20208
1호선|1호선|1811|동인천|12663247|3747547|126.63247084617|37.475470957595|subway|metro|10151
4호선|4호선|0431|동작|12697814|3750297|126.97814027931|37.502966229243|subway|metro|10423
신분당선|신분당선|4314|동천|12710285|3733811|127.10284823395584|37.33810873754048|subway|metro|110107
인천1호선|인천1호선|3131|동춘|12668096|3740487|126.68095543563|37.404869011678|subway|metro|30102
1호선|1호선|1727|두정|12714869|3683367|127.1486851486|36.833666477589|subway|metro|10185
용인경전철|용인경전철|4515|둔전|12721362|3726720|127.21362064370588|37.26719783334536|subway|metro|130114
5호선|5호선|2555|둔촌동|12713630|3752775|127.13629599766|37.527747261749|subway|metro|10545
9호선|9호선|4137|둔촌오륜|12713865|3751941|127.13865206962898|37.51940803726135|subway|metro|10937
9호선|9호선|4109|등촌|12686549|3755060|126.86548991201|37.550602980798|subway|metro|10912
6호선|6호선|2619|디지털미디어시티|12689959|3757677|126.8995894583493|37.57676870774593|subway|metro|10630
2호선|2호선|0210|뚝섬|12704736|3754712|127.04736480935|37.54712239199|subway|metro|10250
7호선|7호선|2730|자양|12706667|3753126|127.06666726773567|37.53125616254469|subway|metro|10720
5호선|5호선|2515|마곡|12682487|3756025|126.82486645991|37.560250353349|subway|metro|10505
9호선|9호선|4105|마곡나루|12682742|3756671|126.827420928424|37.5667126094974|subway|metro|10913
3호선|3호선|1955|마두|12677774|3765199|126.77774169659|37.651987984505|subway|metro|10304
7호선|7호선|2714|마들|12705733|3766516|127.05733371192|37.665162334738|subway|metro|10704
김포도시철도|김포도시철도|4922|마산|12664400|3764061|126.644004368759|37.6406117204577|subway|metro|170103
경춘선|경춘선|1319|마석|12731150|3765253|127.31149648951465|37.65252805484508|subway|metro|120109
5호선|5호선|2542|마장|12704298|3756621|127.04297687680|37.566206748495|subway|metro|10532
인천2호선|인천2호선|3204|마전|12666727|3759779|126.66727485930913|37.597788300714555|subway|metro|30210
5호선|5호선|2561|마천|12715248|3749496|127.15247599251|37.494958842509|subway|metro|10551
5호선|5호선|2529|마포|12694575|3753957|126.94575364674|37.53956667675|subway|metro|10519
6호선|6호선|2621|마포구청|12690319|3756351|126.90319353288|37.563506572218|subway|metro|10628
인천2호선|인천2호선|3224|만수|12673192|3745522|126.731923004341|37.455216505282124|subway|metro|30211
경의중앙선|경의중앙선|1310|망우|12709213|3759930|127.09212555265|37.599304922608|subway|metro|100137
6호선|6호선|2622|망원|12690982|3755594|126.90981655224|37.555943859991|subway|metro|10627
1호선|1호선|1904|망월사|12704738|3771012|127.04738264952|37.710117502778|subway|metro|10104
수인분당선|수인분당선|1869|망포|12705683|3724578|127.0568305|37.24577779|subway|metro|20141
수인분당선|수인분당선|1872|매교|12701566|3726556|127.0156593|37.26556041|subway|metro|20124
3호선|3호선|0333|매봉|12704670|3748685|127.04670365630|37.486846437162|subway|metro|10334
수인분당선|수인분당선|1870|매탄권선|12704083|3725289|127.0408269|37.25288574|subway|metro|20125
7호선|7호선|2720|먹골|12707759|3761073|127.07758909843|37.610734294241|subway|metro|10710
7호선|7호선|2723|면목|12708743|3758852|127.08742510914|37.58852412394|subway|metro|10713
4호선|4호선|0424|명동|12698625|3756075|126.98624819313|37.560750732707|subway|metro|10416
5호선|5호선|2552|명일|12714399|3755150|127.14398831674|37.551497338122|subway|metro|10542
용인경전철|용인경전철|4510|명지대|12719031|3723810|127.19031164831104|37.23809788040597|subway|metro|130109
1호선|1호선|1707|명학|12693534|3738452|126.93533965661|37.384515605035|subway|metro|10166
8호선|8호선|1853|모란|12712914|3743265|127.1291394|37.43264655|subway|metro|10817
인천2호선|인천2호선|3223|모래내시장|12671979|3745587|126.71979331372317|37.455873135966954|subway|metro|30212
5호선|5호선|2521|목동|12686458|3752587|126.86457567573|37.525866710281|subway|metro|10511
8호선|8호선|2814|몽촌토성|12711239|3751742|127.11239208324|37.517424733642|subway|metro|10804
3호선|3호선|0315|무악재|12695018|3758212|126.95018141962|37.58211863709|subway|metro|10316
2호선|2호선|0235|문래|12689454|3751780|126.89454385427|37.517797355814|subway|metro|10232
경의중앙선|경의중앙선|1284|문산|12678714|3785450|126.7871446221954|37.85450053425135|subway|metro|100101
8호선|8호선|2819|문정|12712223|3748598|127.12222723510|37.485984904484|subway|metro|10809
인천1호선|인천1호선|3127|문학경기장|12669823|3743465|126.69822906280855|37.434648528598736|subway|metro|30106
수인분당선|수인분당선|1858|미금|12710865|3735008|127.10865491231|37.350081652478|subway|metro|20102
5호선|5호선|2563|미사|12719249|3756299|127.192490980441|37.562991348199|subway|metro|10560
4호선|4호선|0415|미아|12702583|3762657|127.02582871179|37.626571437348|subway|metro|10407
4호선|4호선|0416|미아사거리|12702990|3761325|127.02989806881|37.613252413525|subway|metro|10408
인천1호선|인천1호선|3112|박촌|12674487|3755383|126.74486797734|37.553832553795|subway|metro|30121
4호선|4호선|1753|반월|12690353|3731210|126.90352804537|37.312103957283|subway|metro|10439
7호선|7호선|2735|반포|12701153|3750821|127.01152997829|37.508207691962|subway|metro|10725
의정부경전철|의정부경전철|4601|발곡|12705295|3772713|127.05295103442051|37.72712625905529|subway|metro|20201
5호선|5호선|2516|발산|12683746|3755848|126.83745601878|37.558483854466|subway|metro|10506
2호선|2호선|0225|방배|12699764|3748130|126.99763595855|37.481302454653|subway|metro|10218
5호선|5호선|2557|방이|12712607|3750866|127.12607161864|37.508657379479|subway|metro|10547
1호선|1호선|1901|방학|12704425|3766743|127.04425193327|37.667434603794|subway|metro|10107
5호선|5호선|2511|방화|12681271|3757729|126.81271152507|37.577290658471|subway|metro|10501
1호선|1호선|1405|배방|12705268|3677767|127.05268137511335|36.77767176802998|subway|metro|10154
경의중앙선|경의중앙선|106C|백마|12679450|3765817|126.79449963231|37.658165387939|subway|metro|100110
3호선|3호선|1954|백석|12678794|3764302|126.78793611594|37.643015692544|subway|metro|10305
경춘선|경춘선|1325|백양리|12758879|3783077|127.58879318599473|37.83076715601318|subway|metro|120111
1호선|1호선|1807|백운|12670739|3748335|126.70738795347386|37.483346331332854|subway|metro|10144
6호선|6호선|2633|버티고개|12700661|3754807|127.00660860398|37.548069510471|subway|metro|10616
4호선|4호선|1457|범계|12695092|3738968|126.95091832959|37.389677231117|subway|metro|10434
의정부경전철|의정부경전철|4603|범골|12704366|3772872|127.04366171592174|37.72871577472016|subway|metro|20203
경춘선|경춘선|1313|별내|12714424|3764824|127.14424020713433|37.648243732291455|subway|metro|120119
4호선|4호선|0408|별내별가람|12711624|3766785|127.116241994779|37.6678462120372|subway|metro|10458
1호선|1호선|1716|병점|12703306|3720675|127.03306293923421|37.20675228740849|subway|metro|10174
7호선|7호선|2744|보라매|12692031|3749989|126.92030520147|37.499890039425|subway|metro|10734
신림선|신림선|4405|보라매공원|12691814|3749545|126.918140532784|37.4954456720422|subway|metro|180105
신림선|신림선|4406|보라매병원|12692355|3749296|126.923549547206|37.4929643194464|subway|metro|180106
6호선|6호선|2639|보문|12701922|3758543|127.01921921964|37.585430347406|subway|metro|10610
1호선|1호선|1914|보산|12705724|3791381|127.05723934414|37.913808085306|subway|metro|10193
수인분당선|수인분당선|1861|보정|12710818|3731273|127.1081763|37.31273429|subway|metro|20114
용인경전철|용인경전철|4514|보평|12721846|3725897|127.21845598985884|37.25897152006597|subway|metro|130113
8호선|8호선|2821|복정|12712662|3746995|127.1266224|37.4699545|subway|metro|10811
1호선|1호선|1401|봉명|12713551|3680107|127.13550965060|36.801073778253|subway|metro|10155
9호선|9호선|4129|봉은사|12706032|3751431|127.06031655332424|37.51431397207243|subway|metro|10929
2호선|2호선|0229|봉천|12694185|3748246|126.94184779866|37.482459776118|subway|metro|10222
6호선|6호선|2648|봉화산|12709109|3761747|127.09108572335|37.617471926377|subway|metro|10601
1호선|1호선|1815|부개|12674077|3748843|126.74077328104|37.48842879744|subway|metro|10142
경강선|경강선|1509|부발|12749054|3726014|127.49053745685013|37.260143667696695|subway|metro|20309
1호선|1호선|1804|부천|12678279|3748377|126.78279181345|37.483767421907|subway|metro|10139
7호선|7호선|3757|부천시청|12676373|3750454|126.76373316458304|37.5045413177899|subway|metro|10756
7호선|7호선|1982|부천종합운동장|12679725|3750544|126.79724680489885|37.5054415281503|subway|metro|10753
1호선|1호선|1806|부평|12672404|3749008|126.72404275409|37.490080225130|subway|metro|10143
7호선|7호선|3118|부평구청|12672113|3750796|126.72112843767|37.50795782498477|subway|metro|10760
인천1호선|인천1호선|3122|부평삼거리|12671014|3747758|126.71014237511|37.477579712128|subway|metro|30111
인천1호선|인천1호선|3119|부평시장|12672219|3749820|126.7221902037|37.498199789744|subway|metro|30114
우이신설경전철|우이신설경전철|4709|북한산보국문|12700826|3761214|127.008263392003|37.6121367531121|subway|metro|150105
우이신설경전철|우이신설경전철|4701|북한산우이|12701279|3766319|127.012789|37.663189|subway|metro|150113
3호선|3호선|2613|불광|12692963|3761013|126.92962810502|37.610133536135|subway|metro|10313
7호선|7호선|2724|사가정|12708847|3758101|127.08846879377|37.581014551483|subway|metro|10714
2호선|2호선|0226|사당|12698162|3747680|126.98162453702|37.476799200415|subway|metro|10219
경춘선|경춘선|1315|사릉|12717697|3765095|127.17696744121277|37.65095280518276|subway|metro|120112
수인분당선|수인분당선|1877|사리|12685710|3729064|126.85710444456184|37.290641235808586|subway|metro|20165
김포도시철도|김포도시철도|4926|사우|12671977|3762032|126.71976741873046|37.620321335136204|subway|metro|170107
9호선|9호선|4124|사평|12701554|3750417|127.01554027932|37.504166229245|subway|metro|10914
7호선|7호선|3762|산곡|12670354|3750861|126.703543714352|37.5086071956774|subway|metro|10761
4호선|4호선|1751|산본|12693308|3735798|126.93308012686|37.357979348568|subway|metro|10436
8호선|8호선|2822|산성|12714981|3745668|127.14981307043|37.456680741062|subway|metro|10812
용인경전철|용인경전철|4508|삼가|12716809|3724213|127.16808548031076|37.24213215169996|subway|metro|130107
4호선|4호선|2629|삼각지|12697343|3753476|126.97343081162|37.53475856776|subway|metro|10420
경강선|경강선|1503|삼동|12720343|3740873|127.20343259021207|37.408726944896514|subway|metro|20303
7호선|7호선|3759|삼산체육관|12674177|3750636|126.74177492739686|37.50636043412213|subway|metro|10758
2호선|2호선|0219|삼성|12706317|3750869|127.06316504681038|37.50869359555036|subway|metro|10212
9호선|9호선|4128|삼성중앙|12705278|3751293|127.05278237262088|37.512930033045436|subway|metro|10928
3호선|3호선|1950|삼송|12689540|3765312|126.89539721462|37.653124566126|subway|metro|10309
우이신설경전철|우이신설경전철|4706|삼양|12701816|3762692|127.018156780705|37.6269190539283|subway|metro|150108
우이신설경전철|우이신설경전철|4707|삼양사거리|12702049|3762132|127.020488845069|37.6213181360851|subway|metro|150107
9호선|9호선|4131|삼전|12708736|3750455|127.08736363126373|37.504549097056476|subway|metro|10931
수인분당선|수인분당선|1866|상갈|12710928|3726176|127.1092786|37.26176268|subway|metro|20128
4호선|4호선|0410|상계|12707313|3766090|127.07312868436|37.660904965127|subway|metro|10402
7호선|7호선|2741|상도|12694774|3750285|126.94774169771|37.502852373247|subway|metro|10731
7호선|7호선|3758|상동|12675299|3750570|126.7529908484151|37.50570416272326|subway|metro|10757
4호선|4호선|1754|상록수|12686649|3730252|126.86648616898|37.302517038717|subway|metro|10440
7호선|7호선|1202|상봉|12708539|3759608|127.08538616163167|37.596080919820956|subway|metro|10712
6호선|6호선|2624|상수|12692258|3754777|126.92258376028|37.547769780517|subway|metro|10625
2호선|2호선|0207|상왕십리|12702935|3756417|127.02935242314|37.564171043260|subway|metro|10247
6호선|6호선|2643|상월곡|12704859|3760632|127.04858866449501|37.606322415977765|subway|metro|10606
5호선|5호선|2554|상일동|12716526|3755659|127.16526319047|37.556587590113|subway|metro|10544
경춘선|경춘선|1322|상천|12745431|3777007|127.45431160777|37.770073670717|subway|metro|120114
신분당선|신분당선|4317|상현|12706933|3729762|127.06932950887209|37.297622648839436|subway|metro|110110
의정부경전철|의정부경전철|4609|새말|12706373|3774883|127.06372886317886|37.74883429171757|subway|metro|20209
6호선|6호선|2617|새절|12691366|3759099|126.91366005020573|37.59099412864646|subway|metro|10632
9호선|9호선|4116|샛강|12692838|3751737|126.9283750591322|37.51737287009036|subway|metro|10915
경의중앙선|경의중앙선|1263|서강대|12693547|3755207|126.93546863482457|37.55207269233281|subway|metro|100122
인천2호선|인천2호선|3210|서구청|12667694|3754409|126.67693953217801|37.544089023775435|subway|metro|30213
5호선|5호선|2533|서대문|12696659|3756574|126.96658640787|37.565737806582|subway|metro|10523
1호선|1호선|1749|서동탄|12705175|3719565|127.05174972109893|37.19565365209137|subway|metro|10199
인천2호선|인천2호선|3214|서부여성회관|12667616|3750029|126.67615576154755|37.50028931645805|subway|metro|30214
경의중앙선|경의중앙선|1009|서빙고|12698870|3751938|126.9886965981073|37.51937670391026|subway|metro|100129
신림선|신림선|4410|서울대벤처타운|12693396|3747200|126.933959958388|37.4720023242775|subway|metro|180110
2호선|2호선|0228|서울대입구|12695263|3748103|126.95262690034|37.481030591977|subway|metro|10221
수인분당선|수인분당선|1847|서울숲|12704466|3754349|127.0446638|37.54348635|subway|metro|20129
1호선|1호선|0426|서울역|12697246|3755575|126.972456321527|37.55575304872655|subway|metro|10124
신림선|신림선|4403|서울지방병무청|12692271|3750606|126.922713971785|37.5060553927614|subway|metro|180103
신림선|신림선|4409|서원|12693311|3747824|126.93310993651|37.4782386357719|subway|metro|180109
1호선|1호선|1722|서정리|12705278|3705646|127.05277791952372|37.05646372920319|subway|metro|10180
2호선|2호선|0224|서초|12700760|3749178|127.00759720184|37.491782835273|subway|metro|10217
수인분당선|수인분당선|1855|서현|12712358|3738498|127.123582|37.38497817|subway|metro|20105
1호선|1호선|1018|석계|12706556|3761498|127.06556124292|37.614983231835|subway|metro|10112
7호선|7호선|3213|석남|12667615|3750624|126.676149271119|37.5062431189861|subway|metro|10762
인천2호선|인천2호선|3220|석바위시장|12669261|3745793|126.69261421740783|37.45793195060143|subway|metro|30216
1호선|1호선|1704|석수|12690215|3743485|126.90214794263336|37.43484794424927|subway|metro|10163
인천2호선|인천2호선|3222|석천사거리|12671065|3745680|126.71064621109063|37.456797154348|subway|metro|30217
8호선|8호선|2816|석촌|12710700|3750541|127.107004062699|37.5054141216925|subway|metro|10806
9호선|9호선|4132|석촌고분|12709651|3750246|127.0965081858022|37.50246245994369|subway|metro|10932
2호선|2호선|1023|선릉|12704870|3750438|127.04869657861|37.504378949616|subway|metro|10213
4호선|4호선|1450|선바위|12700224|3745149|127.00224337842576|37.451487370359445|subway|metro|10427
서해선|서해선|4812|선부|12680999|3733441|126.809989544577|37.3344084544244|subway|metro|160109
9호선|9호선|4112|선유도|12689329|3753780|126.893289912|37.537802980795|subway|metro|10916
9호선|9호선|1850|선정릉|12704359|3751059|127.0435852|37.51059117|subway|metro|10927
인천1호선|인천1호선|3128|선학|12669866|3742670|126.69865857914|37.426698433098|subway|metro|30105
1호선|1호선|1711|성균관대|12697185|3730003|126.97184773587963|37.30002510113664|subway|metro|10170
신분당선|신분당선|4316|성복|12708028|3731340|127.08027523503436|37.3134018747995|subway|metro|110109
2호선|2호선|0211|성수|12705599|3754443|127.05598930947|37.544433799888|subway|metro|10204
4호선|4호선|0418|성신여대입구|12701631|3759274|127.01630709932|37.592737697667|subway|metro|10410
1호선|1호선|1725|성환|12712697|3691602|127.12696561697|36.916017238305|subway|metro|10183
1호선|1호선|1715|세류|12701381|3724381|127.01380503934058|37.2438139515605|subway|metro|10173
1호선|1호선|1717|세마|12704309|3718727|127.04309465910467|37.187267185247116|subway|metro|10175
경강선|경강선|1510|세종대왕릉|12757070|3729369|127.57069838326156|37.29368559534951|subway|metro|20310
인천1호선|인천1호선|3137|센트럴파크|12663489|3739276|126.6348850666652|37.3927573737483|subway|metro|30125
수인분당선|수인분당선|1880|소래포구|12673346|3740075|126.7334555|37.40075026|subway|metro|20147
1호선|1호선|1814|소사|12679539|3748256|126.79538843015|37.482562338775|subway|metro|10138
서해선|서해선|4805|소새울|12679728|3746851|126.797283854897|37.4685095548124|subway|metro|160102
1호선|1호선|1916|소요산|12706106|3794873|127.06106390683883|37.948734555897566|subway|metro|10195
우이신설경전철|우이신설경전철|4702|솔밭공원|12701327|3765598|127.013268181236|37.6559782562487|subway|metro|150112
우이신설경전철|우이신설경전철|4708|솔샘|12701355|3762026|127.01355180603669|37.620259575206596|subway|metro|150106
1호선|1호선|1805|송내|12675353|3748740|126.75352683930|37.487400036944|subway|metro|10141
수인분당선|수인분당선|1886|송도|12665401|3742993|126.6540135|37.42993447|subway|metro|20153
인천1호선|인천1호선|3139|송도달빛축제공원|12662602|3740692|126.62601790846256|37.406920219431996|subway|metro|30130
의정부경전철|의정부경전철|4614|송산|12708717|3773735|127.08717473115573|37.73734544712405|subway|metro|20214
5호선|5호선|2514|송정|12681179|3756116|126.81179198547|37.56115795109|subway|metro|10504
1호선|1호선|1721|송탄|12705400|3707549|127.0540049011|37.075492524114|subway|metro|10179
8호선|8호선|2817|송파|12711186|3749972|127.11186474489|37.499722704575|subway|metro|10807
9호선|9호선|4134|송파나루|12711266|3751102|127.11266171422027|37.51101671275264|subway|metro|10934
수인분당선|수인분당선|1856|수내|12711436|3737849|127.1143585|37.37849091|subway|metro|20104
7호선|7호선|2713|수락산|12705523|3767792|127.05523432637|37.677915544497|subway|metro|10703
4호선|4호선|1763|수리산|12692525|3734976|126.92525486449|37.349764443868|subway|metro|10437
경의중앙선|경의중앙선|1267|수색|12689510|3758077|126.89509963231|37.580765387939|subway|metro|100116
3호선|3호선|0008|수서|12710155|3748736|127.101553|37.48736257|subway|metro|10340
1호선|1호선|1846|수원|12699971|3726599|126.99971108686|37.265989429861|subway|metro|10172
수인분당선|수인분당선|1871|수원시청|12703085|3726196|127.0308549|37.26196226|subway|metro|20131
4호선|4호선|0414|수유|12702544|3763797|127.02544325683|37.637965288669|subway|metro|10406
신분당선|신분당선|4315|수지구청|12709464|3732250|127.09463600617734|37.32250071164079|subway|metro|110108
8호선|8호선|2826|수진|12714065|3743733|127.14064753793|37.437325370357|subway|metro|10816
4호선|4호선|0427|숙대입구|12697199|3754468|126.97199426024|37.544677877659|subway|metro|10419
7호선|7호선|2740|숭실대입구|12695347|3749618|126.95347222687|37.496180403545|subway|metro|10730
수인분당선|수인분당선|1889|숭의|12663836|3746080|126.6383593|37.46080126|subway|metro|20155
인천2호선|인천2호선|3219|시민공원|12668163|3745855|126.68162548280025|37.45855158386621|subway|metro|30218
서해선|서해선|4814|시우|12679574|3731316|126.79574223454856|37.313163621585524|subway|metro|160111
1호선|1호선|0201|시청|12697675|3756472|126.97675131229983|37.56471663913635|subway|metro|10123
용인경전철|용인경전철|4509|시청∙용인대|12717919|3723948|127.17919171309701|37.23947580616466|subway|metro|130108
서해선|서해선|4810|시흥능곡|12680872|3736995|126.808721340419|37.3699465347315|subway|metro|160107
서해선|서해선|4806|시흥대야|12679299|3745010|126.792993796201|37.4500998726813|subway|metro|160103
서해선|서해선|4809|시흥시청|12680595|3738156|126.80594809695735|37.38156161940996|subway|metro|160106
수인분당선|수인분당선|1864|신갈|12711130|3728617|127.1112996|37.28616539|subway|metro|20132
5호선|5호선|2539|신금호|12702055|3755441|127.02055151296|37.554409379302|subway|metro|10529
1호선|1호선|2526|신길|12691684|3751690|126.91684484188191|37.51689949662292|subway|metro|10129
4호선|4호선|1760|신길온천|12676687|3733760|126.76686804648453|37.337599377544954|subway|metro|10446
6호선|6호선|2649|신내|12710340|3761264|127.10339501756304|37.61264135095991|subway|metro|10648
9호선|9호선|4125|신논현|12702549|3750481|127.025492036104|37.504811111562|subway|metro|10917
2호선|2호선|0245|신답|12704686|3756962|127.04685981518337|37.56961892942008|subway|metro|10202
2호선|2호선|2636|신당|12701810|3756583|127.01810234058|37.565829118376|subway|metro|10246
2호선|2호선|0231|신대방|12691359|3748741|126.91359424907749|37.4874128837409|subway|metro|10224
7호선|7호선|2743|신대방삼거리|12692805|3749969|126.92805191941|37.4996879723|subway|metro|10733
1호선|1호선|0234|신도림|12689105|3750844|126.89104568899255|37.50844286808823|subway|metro|10131
경강선|경강선|1507|신둔도예촌|12740539|3731556|127.40539165229118|37.31556395864193|subway|metro|20307
2호선|2호선|0230|신림|12692959|3748420|126.9295937354|37.484200845282|subway|metro|10223
9호선|9호선|4111|신목동|12688269|3754440|126.88268991200|37.544402980796|subway|metro|10918
9호선|9호선|4122|신반포|12699594|3750317|126.99594027932|37.503166229245|subway|metro|10919
9호선|9호선|4104|신방화|12681690|3756742|126.8169001387126|37.56742183698727|subway|metro|10920
3호선|3호선|0327|신사|12702031|3751644|127.02030856272764|37.51643597531432|subway|metro|10328
1호선|1호선|0246|신설동|12702491|3757529|127.0249104030061|37.575287228709094|subway|metro|10118
인천1호선|인천1호선|3129|신연수|12669375|3741804|126.69375452842|37.41803735892|subway|metro|30104
4호선|4호선|0429|신용산|12696770|3752921|126.96770032609037|37.52921290050431|subway|metro|10421
경의중앙선|경의중앙선|1213|신원|12737206|3752571|127.37205963230|37.525705387938|subway|metro|100148
1호선|1호선|1017|신이문|12706725|3760191|127.06724835855358|37.601914174656606|subway|metro|10113
5호선|5호선|2520|신정|12685623|3752501|126.85622937309|37.52501080864|subway|metro|10510
2호선|2호선|0249|신정네거리|12685290|3752000|126.85289857689|37.519996878313|subway|metro|10230
7호선|7호선|3756|신중동|12677633|3750308|126.7763279512803|37.503083686095465|subway|metro|10755
1호선|1호선|1408|신창|12695140|3676945|126.95139736792|36.769454635137|subway|metro|10156
서해선|서해선|4807|신천|12678679|3743925|126.78678508124932|37.43924604520613|subway|metro|160104
2호선|2호선|1252|신촌|12694230|3755977|126.94229963231|37.559765387939|subway|metro|10237
수인분당선|수인분당선|1890|신포|12662390|3746887|126.6238963|37.46886517|subway|metro|20156
7호선|7호선|2745|신풍|12690986|3750009|126.90985983124|37.500089188634|subway|metro|10735
서해선|서해선|4808|신현|12678784|3740956|126.787838368873|37.40956486776796|subway|metro|160105
8호선|8호선|2825|신흥|12714739|3744089|127.14738844435|37.440887058301|subway|metro|10815
4호선|4호선|0413|쌍문|12703450|3764853|127.03450017524|37.648531587865|subway|metro|10405
1호선|1호선|1402|쌍용(나사렛대)|12712151|3679367|127.12150965062|36.793673778253|subway|metro|10157
1호선|1호선|1403|아산|12710415|3679230|127.10414611765782|36.79230123410357|subway|metro|10158
인천2호선|인천2호선|3209|아시아드경기장|12667733|3755166|126.67732558093605|37.55165843808463|subway|metro|30219
경의중앙선|경의중앙선|1215|아신|12744299|3751384|127.4429947116374|37.513839901091764|subway|metro|100149
5호선|5호선|2546|아차산|12708960|3755204|127.08960149519|37.552036331894|subway|metro|10536
2호선|2호선|0242|아현|12695613|3755722|126.95612945833|37.557219769997|subway|metro|10239
3호선|3호선|0318|안국|12698548|3757666|126.98547871973|37.576663791481|subway|metro|10319
4호선|4호선|1759|안산|12678844|3732725|126.78844145419|37.327251034796|subway|metro|10445
6호선|6호선|2640|안암|12702922|3758623|127.02922031578|37.586230452425|subway|metro|10609
1호선|1호선|1706|안양|12692279|3740146|126.92279469614044|37.401460227586036|subway|metro|10165
8호선|8호선|2811|암사|12712742|3754998|127.1274183258|37.549975290573|subway|metro|10801
3호선|3호선|0326|압구정|12702837|3752669|127.02836968023|37.526686390602|subway|metro|10327
수인분당선|수인분당선|1848|압구정로데오|12704058|3752759|127.040583|37.52758967|subway|metro|20138
5호선|5호선|2531|애오개|12695663|3755353|126.95662995548|37.553529496307|subway|metro|10521
경의중앙선|경의중앙선|1277|야당|12676138|3771235|126.7613822497096|37.71234598486823|subway|metro|100125
수인분당선|수인분당선|1876|야목|12688377|3726142|126.883773399214|37.2614226743824|subway|metro|20166
수인분당선|수인분당선|1854|야탑|12712850|3741126|127.1284989|37.41125506|subway|metro|20106
3호선|3호선|2634|약수|12701047|3755445|127.01046819419|37.554451901271|subway|metro|10324
경의중앙선|경의중앙선|1212|양수|12732877|3754590|127.32877370015|37.545903878237|subway|metro|100135
경의중앙선|경의중앙선|1204|양원|12710761|3760621|127.10760610450622|37.60621353488875|subway|metro|100138
3호선|3호선|0332|양재|12703432|3748366|127.03431663611256|37.48365864008714|subway|metro|10333
신분당선|신분당선|4309|양재시민의숲|12703870|3746997|127.03869963230997|37.46996538793895|subway|metro|110103
경의중앙선|경의중앙선|1207|양정|12719450|3760408|127.19450302261524|37.60407621429235|subway|metro|100141
1호선|1호선|1909|양주|12704467|3777411|127.04466596661548|37.77411064946749|subway|metro|10188
2호선|2호선|0248|양천구청|12686561|3751205|126.86560747636|37.512051475546|subway|metro|10229
9호선|9호선|4106|양천향교|12684144|3756821|126.84144117203951|37.56821418305685|subway|metro|10921
김포도시철도|김포도시철도|4920|양촌|12661463|3764178|126.61462594837248|37.64178438994002|subway|metro|170101
5호선|5호선|2523|양평|12688620|3752558|126.88620315975|37.525584569137|subway|metro|10513
의정부경전철|의정부경전철|4613|어룡|12708519|3774275|127.08518988619291|37.74275271303505|subway|metro|20213
7호선|7호선|2728|어린이대공원|12707456|3754780|127.07456372041837|37.54780393505467|subway|metro|10718
용인경전철|용인경전철|4504|어정|12714373|3727497|127.14372510207748|37.27497117121296|subway|metro|130104
수인분당선|수인분당선|1875|어천|12690880|3725009|126.90880001435008|37.25008784954119|subway|metro|20167
9호선|9호선|4126|언주|12703394|3750735|127.03393586732258|37.50735072313191|subway|metro|10926
5호선|5호선|2528|여의나루|12693287|3752707|126.93286648759|37.527072044187|subway|metro|10518
5호선|5호선|2527|여의도|12692423|3752165|126.92422913432|37.521651661352|subway|metro|10517
경강선|경강선|1511|여주|12762847|3728298|127.6284702667419|37.28297709322032|subway|metro|20311
1호선|1호선|1803|역곡|12681195|3748516|126.81194522834438|37.485159429100534|subway|metro|10137
2호선|2호선|0221|역삼|12703639|3750054|127.03639436013|37.500544962027|subway|metro|10214
6호선|6호선|2612|역촌|12692277|3760626|126.92277321128829|37.606259848850414|subway|metro|10634
수인분당선|수인분당선|1885|연수|12667845|3741783|126.6784471|37.41783188|subway|metro|20152
3호선|3호선|2615|연신내|12692062|3761881|126.92061581316|37.618812918317|subway|metro|10312
9호선|9호선|4110|염창|12687489|3754700|126.87488991200|37.547002980797|subway|metro|10923
1호선|1호선|1006|영등포|12690765|3751562|126.90764559991|37.515620999974|subway|metro|10130
2호선|2호선|2524|영등포구청|12689583|3752525|126.89583333918|37.525248472289|subway|metro|10233
5호선|5호선|2525|영등포시장|12690476|3752275|126.90475963714|37.522745307986|subway|metro|10515
공항철도|공항철도|4217|영종|12652482|3751210|126.52482390673341|37.51210316311625|subway|metro|90112
수인분당선|수인분당선|1868|영통|12707126|3725145|127.0712597|37.25144881|subway|metro|20135
인천1호선|인천1호선|3125|예술회관|12670107|3744897|126.7010706858|37.448969688845|subway|metro|30108
3호선|3호선|0342|오금|12712790|3750217|127.12789963230|37.502165387938|subway|metro|10347
4호선|4호선|0406|오남|12719110|3770516|127.191104897113|37.7051635201214|subway|metro|10459
1호선|1호선|1802|오류동|12684507|3749444|126.84506804795|37.494443570458|subway|metro|10135
수인분당선|수인분당선|1859|오리|12710867|3733958|127.108673|37.33958289|subway|metro|20101
5호선|5호선|2522|오목교|12687506|3752437|126.87505820870|37.524366139903|subway|metro|10512
수인분당선|수인분당선|1874|오목천|12696390|3724336|126.963902835862|37.2433596329495|subway|metro|20168
경의중앙선|경의중앙선|1216|오빈|12747361|3750600|127.47360776498189|37.506000704341254|subway|metro|100152
1호선|1호선|1719|오산|12706652|3714494|127.06652367102309|37.14494271343007|subway|metro|10177
1호선|1호선|1718|오산대|12706293|3716923|127.06293488594382|37.169233826761065|subway|metro|10176
4호선|4호선|1762|오이도|12673863|3736205|126.73862694929878|37.362052786142705|subway|metro|10448
3호선|3호선|0325|옥수|12701796|3754129|127.01796078619|37.541287699399|subway|metro|10342
1호선|1호선|2752|온수|12682370|3749216|126.8237047172626|37.49215923721274|subway|metro|10136
1호선|1호선|1407|온양온천|12700300|3678065|127.00299736791|36.780654635135|subway|metro|10159
5호선|5호선|2556|올림픽공원|12713096|3751634|127.130963675401|37.5163389870117|subway|metro|10546
인천2호선|인천2호선|3205|완정|12667328|3759300|126.6732803768959|37.59299830840817|subway|metro|30220
인천2호선|인천2호선|3202|왕길|12664252|3759513|126.64252266032417|37.595130094116115|subway|metro|30221
2호선|2호선|2541|왕십리|12703731|3756173|127.03730762357|37.561725157385|subway|metro|10254
1호선|1호선|1016|외대앞|12706329|3759593|127.06329142884|37.595925096598|subway|metro|10114
2호선|2호선|0244|용답|12705087|3756183|127.05087098496|37.56183231925|subway|metro|10203
2호선|2호선|0250|용두|12703791|3757389|127.03790976597|37.573891965833|subway|metro|10251
7호선|7호선|2725|용마산|12708656|3757365|127.08655862933|37.573654903947|subway|metro|10715
경의중앙선|경의중앙선|1219|용문|12759457|3748210|127.59457370014|37.482103878234|subway|metro|100153
1호선|1호선|1003|용산|12696435|3752977|126.96434847518961|37.52976943095671|subway|metro|10126
5호선|5호선|2517|우장산|12683635|3754886|126.83635310557|37.548860354812|subway|metro|10507
경의중앙선|경의중앙선|1211|운길산|12731046|3755433|127.31046063502129|37.554334476859005|subway|metro|100147
용인경전철|용인경전철|4512|운동장∙송담대|12720939|3723790|127.20939071332461|37.23790349471788|subway|metro|130111
공항철도|공항철도|4211|운서|12649358|3749273|126.4935845795258|37.49273370282547|subway|metro|90105
김포도시철도|김포도시철도|4924|운양|12668384|3765378|126.683844450975|37.6537750040601|subway|metro|170105
인천2호선|인천2호선|3227|운연|12675965|3743972|126.75965165347806|37.439715672476844|subway|metro|30222
경의중앙선|경의중앙선|1278|운정|12676710|3772537|126.76709851541591|37.7253719373155|subway|metro|100106
3호선|3호선|1951|원당|12684309|3765308|126.84308981115|37.653076654694|subway|metro|10308
경의중앙선|경의중앙선|1218|원덕|12754650|3746854|127.5464989953203|37.46854121930699|subway|metro|100151
서해선|서해선|4815|원시|12678679|3730262|126.786793532374|37.3026237626179|subway|metro|160112
수인분당선|수인분당선|1884|원인재|12668770|3741234|126.6877025636|37.412342036779|subway|metro|20151
3호선|3호선|1948|원흥|12687300|3765068|126.87300486538342|37.650675937849066|subway|metro|10348
1호선|1호선|1020|월계|12705874|3763313|127.05873716600053|37.63313006876187|subway|metro|10110
6호선|6호선|2642|월곡|12704142|3760208|127.04142214113|37.602075297135|subway|metro|10607
수인분당선|수인분당선|1879|월곶|12674240|3739177|126.7423972|37.39176552|subway|metro|20146
6호선|6호선|2620|월드컵경기장|12689906|3756938|126.89906120935|37.569382691769|subway|metro|10629
경의중앙선|경의중앙선|1282|월롱|12679233|3779594|126.79232549139155|37.795944342084624|subway|metro|100103
2호선|2호선|0320|을지로3가|12699148|3756635|126.99148004250|37.566348255724|subway|metro|10243
2호선|2호선|2536|을지로4가|12699790|3756683|126.99790163833|37.566827968481|subway|metro|10244
2호선|2호선|0202|을지로입구|12698250|3756598|126.98250452464|37.565977465234|subway|metro|10242
경의중앙선|경의중앙선|1012|응봉|12703450|3755001|127.0344955637781|37.55001299136216|subway|metro|100132
6호선|6호선|2611|응암|12691551|3759853|126.9155087649|37.598530053198|subway|metro|10633
1호선|1호선|1710|의왕|12694814|3732020|126.94813922478|37.320199101122|subway|metro|10169
1호선|1호선|1906|의정부|12704595|3773776|127.04594737660848|37.73775726970742|subway|metro|10102
의정부경전철|의정부경전철|4605|의정부시청|12703485|3773923|127.03484695355695|37.739228528058014|subway|metro|20205
의정부경전철|의정부경전철|4607|의정부중앙|12704962|3774367|127.04962144047673|37.743669516882846|subway|metro|20207
2호선|2호선|0241|이대|12694580|3755672|126.94580103106|37.556721275922|subway|metro|10238
수인분당선|수인분당선|1860|이매|12712802|3739584|127.12801509617353|37.39583543561969|subway|metro|20113
경강선|경강선|1508|이천|12744217|3726436|127.44217315859194|37.26435729314014|subway|metro|20308
4호선|4호선|1008|이촌|12697414|3752214|126.97413816759|37.522140939599|subway|metro|10454
6호선|6호선|2631|이태원|12699404|3753450|126.99403804017|37.534498611118|subway|metro|10618
4호선|4호선|1455|인덕원|12697663|3740160|126.97662670186|37.401598812678|subway|metro|10432
1호선|1호선|1812|인천|12661669|3747605|126.61669139033964|37.476045553213204|subway|metro|10152
인천2호선|인천2호선|3215|인천가좌|12667539|3748990|126.67538649322861|37.489898639428326|subway|metro|30223
공항철도|공항철도|4215|인천공항2터미널|12643276|3746988|126.432755|37.469884|subway|metro|90113
수인분당선|수인분당선|1881|인천논현|12672233|3740045|126.7223306|37.40044872|subway|metro|20148
인천2호선|인천2호선|3226|인천대공원|12675350|3744884|126.75350285154984|37.44883927558617|subway|metro|30224
인천1호선|인천1호선|3136|인천대입구|12663942|3738597|126.63941993634007|37.385969479165986|subway|metro|30126
인천1호선|인천1호선|3124|인천시청|12670215|3745766|126.70215063677|37.457656060577|subway|metro|30109
인천1호선|인천1호선|3126|인천터미널|12669965|3744188|126.69964926868877|37.441880516998935|subway|metro|30107
수인분당선|수인분당선|1888|인하대|12664956|3744862|126.649561|37.44861733|subway|metro|20154
경의중앙선|경의중앙선|108C|일산|12676989|3768171|126.76989491395999|37.68170838757439|subway|metro|100108
3호선|3호선|0338|일원|12708431|3748382|127.08431432203|37.483822416079|subway|metro|10339
경의중앙선|경의중앙선|1285|임진강|12674708|3788828|126.747078454706|37.8882750558283|subway|metro|100156
인천1호선|인천1호선|3113|임학|12673837|3754508|126.73836766592|37.545084264515|subway|metro|30120
인천1호선|인천1호선|3116|작전|12672253|3753027|126.72252558668|37.530273889506|subway|metro|30117
2호선|2호선|2815|잠실|12710219|3751377|127.1021881579932|37.51376934417805|subway|metro|10209
2호선|2호선|0215|잠실나루|12710370|3752055|127.10369766364825|37.52054807705644|subway|metro|10208
2호선|2호선|0217|잠실새내|12708601|3751141|127.08600678789|37.511411434804|subway|metro|10210
3호선|3호선|0328|잠원|12701124|3751283|127.01124417397|37.512829815723|subway|metro|10329
김포도시철도|김포도시철도|4923|장기|12666908|3764407|126.66907862282|37.6440651946922|subway|metro|170104
7호선|7호선|2742|장승배기|12693886|3750482|126.93886227563|37.504821083322|subway|metro|10732
7호선|7호선|2711|장암|12705278|3769985|127.05277854554647|37.69984711571585|subway|metro|10701
8호선|8호선|2820|장지|12712605|3747840|127.126052941597|37.47839756296471|subway|metro|10810
5호선|5호선|2544|장한평|12706428|3756153|127.06428260466|37.561530566502|subway|metro|10534
용인경전철|용인경전철|4517|전대∙에버랜드|12721965|3728530|127.21964846398761|37.28529767779374|subway|metro|130115
우이신설경전철|우이신설경전철|4710|정릉|12701354|3760261|127.013539545056|37.602614606648|subway|metro|150104
3호선|3호선|1956|정발산|12677330|3765950|126.77330376577|37.659504686939|subway|metro|10303
4호선|4호선|1454|정부과천청사|12698983|3742665|126.98983178988|37.426647231402|subway|metro|10431
4호선|4호선|1761|정왕|12674300|3735159|126.74299578107|37.351593050896|subway|metro|10447
수인분당선|수인분당선|1857|정자|12710778|3736675|127.10777824159766|37.36674916353695|subway|metro|20103
1호선|1호선|0157|제기동|12703450|3757812|127.03449661122|37.578120268483|subway|metro|10117
1호선|1호선|1810|제물포|12665704|3746661|126.6570435377322|37.46660651210037|subway|metro|10149
1호선|1호선|0152|종각|12698295|3757020|126.98294831974|37.570203488132|subway|metro|10122
1호선|1호선|2535|종로3가|12699141|3757139|126.99141153044|37.571393662264|subway|metro|10121
1호선|1호선|0154|종로5가|12700180|3757101|127.00179895088|37.571006849805|subway|metro|10120
2호선|2호선|0218|종합운동장|12707354|3751106|127.07354204024|37.511060953976|subway|metro|10211
1호선|1호선|1809|주안|12668053|3746481|126.68052649905297|37.4648140045302|subway|metro|10147
인천2호선|인천2호선|3217|주안국가산단|12668141|3747416|126.68141233580947|37.47415646128201|subway|metro|30227
3호선|3호선|1957|주엽|12676132|3767006|126.76132006255|37.670055919908|subway|metro|10302
수인분당선|수인분당선|1862|죽전|12710725|3732417|127.1072478|37.32416587|subway|metro|20116
7호선|7호선|2716|중계|12706408|3764522|127.06408309756|37.645216913354|subway|metro|10706
7호선|7호선|2726|중곡|12708415|3756568|127.08415036585|37.56568110777|subway|metro|10716
1호선|1호선|1822|중동|12676458|3748657|126.76458475167|37.486568310032|subway|metro|10140
경의중앙선|경의중앙선|1308|중랑|12707621|3759486|127.0762072356356|37.59486298132294|subway|metro|100136
4호선|4호선|1756|중앙|12683870|3731583|126.83869705459|37.315829390138|subway|metro|10442
9호선|9호선|4138|중앙보훈병원|12714841|3752840|127.14841167813621|37.52840258997037|subway|metro|10938
7호선|7호선|2721|중화|12707925|3760252|127.0792530182|37.602516448104|subway|metro|10711
9호선|9호선|4108|증미|12686067|3755768|126.86066956929704|37.55768102359827|subway|metro|10924
6호선|6호선|2618|증산|12690941|3758376|126.90941148253641|37.58375597489984|subway|metro|10631
용인경전철|용인경전철|4503|지석|12713666|3726978|127.1366574421752|37.26978053893243|subway|metro|130103
인천1호선|인천1호선|3135|지식정보단지|12664570|3737742|126.64569805802104|37.377424511649615|subway|metro|30127
3호선|3호선|0309|지축|12691374|3764794|126.91374069746|37.647938336263|subway|metro|10310
경의중앙선|경의중앙선|1220|지평|12762969|3747639|127.629687|37.476391|subway|metro|100155
1호선|1호선|1912|지행|12705591|3789223|127.05590501394|37.892227801171|subway|metro|10191
1호선|1호선|1726|직산|12714383|3687073|127.14382643173396|36.870729414998415|subway|metro|10184
1호선|1호선|1720|진위|12706230|3710956|127.06230442289|37.109561940152|subway|metro|10178
4호선|4호선|0405|진접|12720325|3771991|127.203247263047|37.7199083469452|subway|metro|10460
1호선|1호선|0412|창동|12704769|3765312|127.04768858323|37.65312231846|subway|metro|10108
6호선|6호선|2638|창신|12701511|3757935|127.01510781061171|37.57934561699837|subway|metro|10611
경춘선|경춘선|1318|천마산|12728567|3765897|127.28566575129608|37.658966737008654|subway|metro|120121
1호선|1호선|1728|천안|12714657|3681035|127.14657392174809|36.81035084293235|subway|metro|10186
7호선|7호선|2751|천왕|12683862|3748661|126.83862452296627|37.48661458953889|subway|metro|10741
5호선|5호선|2548|천호|12712362|3753842|127.12362338548|37.538423554674|subway|metro|10538
7호선|7호선|2749|철산|12686801|3747612|126.86800623595|37.476117392976|subway|metro|10739
신분당선|신분당선|4310|청계산입구|12705430|3744837|127.05429963230992|37.44836538793892|subway|metro|110104
5호선|5호선|2538|청구|12701377|3756021|127.01376975629|37.560212569402|subway|metro|10528
7호선|7호선|2731|청담|12705375|3751960|127.05375140864999|37.51959589595644|subway|metro|10721
공항철도|공항철도|4210|청라국제도시|12662348|3755622|126.62348038968603|37.556215710809404|subway|metro|90111
1호선|1호선|1845|청량리|12704578|3758014|127.04577675765383|37.58014409748543|subway|metro|10116
수인분당선|수인분당선|1867|청명|12707947|3725999|127.0794689|37.25998661|subway|metro|20142
경춘선|경춘선|1321|청평|12742633|3773538|127.42632884151566|37.73538366987209|subway|metro|120115
용인경전철|용인경전철|4506|초당|12715944|3726080|127.1594354139165|37.260804717204024|subway|metro|130106
경강선|경강선|1505|초월|12729989|3737349|127.29988872968563|37.37348999705221|subway|metro|20305
4호선|4호선|1833|초지|12680595|3732021|126.80594882269|37.320211237993|subway|metro|10457
4호선|4호선|0432|총신대입구(이수)|12698175|3748658|126.98174503844|37.486582471398|subway|metro|10424
7호선|7호선|3755|춘의|12678685|3750373|126.78684669366376|37.503728206083196|subway|metro|10754
경춘선|경춘선|1329|춘천|12771691|3788487|127.71691160772|37.884873670715|subway|metro|120116
3호선|3호선|0321|충무로|12699436|3756120|126.99435556164|37.561202089268|subway|metro|10322
2호선|2호선|0243|충정로|12696345|3756023|126.96345028451|37.560228465008|subway|metro|10240
인천1호선|인천1호선|3133|캠퍼스타운|12666209|3738811|126.66209326160658|37.38811466295069|subway|metro|30128
경의중앙선|경의중앙선|1276|탄현|12676117|3769380|126.76117239491319|37.69380466077285|subway|metro|100107
의정부경전철|의정부경전철|4615|탑석|12708887|3773356|127.08887195111299|37.733560106556816|subway|metro|20215
1호선|1호선|1404|탕정|12705268|3677767|127.05268137511335|36.77767176802998|subway|metro|101100
6호선|6호선|2646|태릉입구|12707469|3761817|127.07469374497|37.618165328946|subway|metro|10603
수인분당선|수인분당선|1852|태평|12712770|3743977|127.1276988|37.43977447|subway|metro|20108
인천1호선|인천1호선|3134|테크노파크|12665602|3738217|126.65601993634006|37.38216947916598|subway|metro|30129
경춘선|경춘선|1314|퇴계원|12714424|3764824|127.14424020713433|37.648243732291455|subway|metro|120117
경의중앙선|경의중앙선|1283|파주|12679270|3781517|126.79269963228|37.815165387939|subway|metro|100102
경강선|경강선|1501|판교|12711130|3739497|127.11129963230984|37.39496538793892|subway|metro|20301
경의중앙선|경의중앙선|1210|팔당|12724337|3754710|127.24337370017|37.547103878237|subway|metro|100144
경춘선|경춘선|1317|평내호평|12724431|3765307|127.24431160780|37.653073670718|subway|metro|120118
4호선|4호선|1456|평촌|12696385|3739424|126.96384727211|37.394244651442|subway|metro|10433
1호선|1호선|1724|평택|12708516|3699078|127.08515731922|36.990783497147|subway|metro|10182
1호선|1호선|1723|평택지제|12707022|3701859|127.07021728061|37.018591053293|subway|metro|10181
김포도시철도|김포도시철도|4927|풍무|12673245|3761243|126.7324492375288|37.61242840262763|subway|metro|170108
경의중앙선|경의중앙선|107C|풍산|12678618|3767209|126.78617901580823|37.67208956666106|subway|metro|100109
7호선|7호선|2717|하계|12706781|3763643|127.06781491061|37.636426867036|subway|metro|10707
5호선|5호선|2566|하남검단산|12722322|3753980|127.223219337317|37.5398032640088|subway|metro|10564
5호선|5호선|2565|하남시청|12720630|3754198|127.206298162203|37.5419775122576|subway|metro|10563
5호선|5호선|2564|하남풍산|12720401|3755229|127.204006631381|37.5522898049699|subway|metro|10561
7호선|7호선|2733|학동|12703174|3751429|127.03173619749|37.514286209236|subway|metro|10723
3호선|3호선|0336|학여울|12707137|3749655|127.07136757518246|37.49655350615189|subway|metro|10337
6호선|6호선|2632|한강진|12700148|3753974|127.00148257683|37.539744452792|subway|metro|10617
경의중앙선|경의중앙선|1010|한남|12700858|3752914|127.00857575538|37.529143313636|subway|metro|100130
4호선|4호선|1830|한대앞|12685347|3730966|126.85347484592|37.309663156774|subway|metro|10441
4호선|4호선|0419|한성대입구|12700600|3758838|127.00599941505|37.588384926461|subway|metro|10411
9호선|9호선|4135|한성백제|12711645|3751654|127.116449169971|37.5165379932802|subway|metro|10935
2호선|2호선|0209|한양대|12704349|3755522|127.0434916604|37.555221793886|subway|metro|10249
수인분당선|수인분당선|1024|한티|12705259|3749619|127.0525852|37.49618727|subway|metro|20112
2호선|2호선|2623|합정|12691412|3754960|126.91412387745|37.549598878035|subway|metro|10235
5호선|5호선|2540|행당|12702969|3755754|127.02969307963|37.557543115082|subway|metro|10530
경의중앙선|경의중앙선|1270|행신|12683410|3761217|126.83409963231|37.612165387939|subway|metro|100114
4호선|4호선|0420|혜화|12700169|3758229|127.00168567169|37.582288919409|subway|metro|10412
수인분당선|수인분당선|1882|호구포|12670847|3740150|126.7084703|37.40149546|subway|metro|20149
2호선|2호선|1264|홍대입구|12692498|3755702|126.92498288754406|37.55701522526101|subway|metro|10236
3호선|3호선|0314|홍제|12694416|3758852|126.94416495107|37.588523550136|subway|metro|10315
우이신설경전철|우이신설경전철|4705|화계|12701751|3763409|127.017510491529|37.6340873974011|subway|metro|150109
5호선|5호선|2518|화곡|12684030|3754176|126.84029524305|37.541757073433|subway|metro|10508
6호선|6호선|2647|화랑대|12708443|3762013|127.08442643745|37.620130605590|subway|metro|10602
1호선|1호선|1712|화서|12698961|3728384|126.98961496429|37.283836134251|subway|metro|10171
경의중앙선|경의중앙선|1268|한국항공대|12686832|3760297|126.86832177393612|37.6029725988481|subway|metro|100115
3호선|3호선|1952|화정|12683262|3763446|126.83261972611|37.634455474963|subway|metro|10307
1호선|1호선|1307|회기|12705780|3758954|127.05780301478|37.589543305521|subway|metro|10115
1호선|1호선|1905|회룡|12704732|3772458|127.04732308220969|37.72457777707266|subway|metro|10103
4호선|4호선|0425|회현|12697813|3755852|126.97813026305|37.558516624216|subway|metro|10417
의정부경전철|의정부경전철|4611|효자|12707719|3775397|127.07718573535752|37.75397077160269|subway|metro|20211
6호선|6호선|2628|효창공원앞|12696253|3753872|126.96252960302287|37.538718058709755|subway|metro|10621
9호선|9호선|4119|흑석|12696337|3750893|126.96337297693962|37.50893230907663|subway|metro|10925
의정부경전철|의정부경전철|4606|흥선|12703709|3774327|127.03708965959933|37.743273195202576|subway|metro|20206
경의중앙선|경의중앙선|2523|양평|12749177|3749270|127.49177370015|37.492703878235|subway|metro|100150
1호선|1호선|2748|가산디지털단지|12688261|3748153|126.882614758479|37.4815311901749|subway|metro|10160
1호선|1호선|1917|청산|12707427|3799509|127.074273958107|37.9950890028797|subway|metro|101101
1호선|1호선|1918|전곡|12707173|3802444|127.071725088088|38.0244410116172|subway|metro|101102
1호선|1호선|1919|연천|12707367|3810061|127.073673786091|38.1006071628556|subway|metro|101103
경의중앙선|경의중앙선|1286|운천|12676991|3787985|126.769908998666|37.8798512036962|subway|metro|100157
서해선|서해선|1981|원종|12680485|3752419|126.804845090802|37.5241890956788|subway|metro|160114
공항철도|공항철도|4213|인천공항1터미널|12645258|3744753|126.45258454579164|37.44752854508576|subway|metro|90106
