101|10101|서울 1호선|가능|127.044288264841|37.7483963196456|SES1908
101|10102|서울 1호선|의정부|127.045956826767|37.7383624923599|SES1906
101|10103|서울 1호선|회룡|127.047295368138|37.7238058806629|SES1905
101|10104|서울 1호선|망월사|127.047418285506|37.7102191609902|SES1904
101|10105|서울 1호선|도봉산|127.04606271663916|37.68951167833238|SES1903
101|10106|서울 1호선|도봉|127.045534886672|37.6792119046658|SES1902
101|10107|서울 1호선|방학|127.044321721307|37.6674383662755|SES1901
101|10108|서울 1호선|창동|127.047644999036|37.6533385121404|SES1022
101|10109|서울 1호선|녹천|127.05138201885734|37.644633445567656|SES1021
101|10110|서울 1호선|월계|127.058857087601|37.6332775453974|SES1020
101|10111|서울 1호선|광운대|127.061695160651|37.6238373628149|SES1019
101|10112|서울 1호선|석계|127.06568946412851|37.61500552731744|SES1018
101|10113|서울 1호선|신이문|127.067398003775|37.6017816437084|SES1017
101|10114|서울 1호선|외대앞|127.06369251145765|37.596274142656114|SES1016
101|10115|서울 1호선|회기|127.058048369273|37.5897962196601|SES1015
101|10116|서울 1호선|청량리|127.04472723023305|37.580037056302906|SES0158
101|10117|서울 1호선|제기동|127.03494949507864|37.57817349658033|SES0157
101|10118|서울 1호선|신설동|127.024456700382|37.5760299683175|SES0156
101|10119|서울 1호선|동대문|127.01063381083677|37.571669405802616|SES0155
101|10120|서울 1호선|종로5가|127.00153834521934|37.57097610838373|SES0154
101|10121|서울 1호선|종로3가|126.992153252476|37.570420844523|SES0153
101|10122|서울 1호선|종각|126.98315081716676|37.570227990912244|SES0152
101|10123|서울 1호선|시청|126.97719821079865|37.56534539636417|SES0151
101|10124|서울 1호선|서울역|126.96974961781686|37.55332892758497|SES3169
101|10125|서울 1호선|남영|126.97133096608212|37.540566672483216|SES1002
101|10126|서울 1호선|용산|126.96462961258051|37.52977356999725|SES1003
101|10127|서울 1호선|노량진|126.942109882124|37.5140547961008|SES1004
101|10128|서울 1호선|대방|126.92649449142719|37.51335413975466|SES1005
101|10129|서울 1호선|신길|126.91836721069228|37.51678703217714|SES1032
101|10130|서울 1호선|영등포|126.907550274975|37.5156726288261|SES1006
101|10131|서울 1호선|신도림|126.891312500851|37.508908482648|SES1007
101|10132|서울 1호선|구로|126.88230806229326|37.50334155631282|SES1701
101|10133|서울 1호선|구일|126.86969110539|37.496254517687|SES1813
101|10134|서울 1호선|개봉|126.858715959622|37.4946417150651|SES1801
101|10135|서울 1호선|오류동|126.84480744815397|37.49439720933549|SES1802
101|10136|서울 1호선|온수|126.823828819915|37.4923999909922|SES1821
101|10137|서울 1호선|역곡|126.81205931841492|37.48531525961914|SES1803
101|10138|서울 1호선|소사|126.79564653125107|37.48280123201647|SES1814
101|10139|서울 1호선|부천|126.78308287157131|37.483989787369545|SES1804
101|10140|서울 1호선|중동|126.76453398304898|37.486681622773176|SES1822
101|10141|서울 1호선|송내|126.75315944764172|37.48764140324914|SES1805
101|10142|서울 1호선|부개|126.740730089704|37.488477043182|SES1815
101|10143|서울 1호선|부평|126.724331088618|37.4894490429055|SES1806
101|10144|서울 1호선|백운|126.707294407871|37.483342495597|SES1807
101|10145|서울 1호선|동암|126.702889753462|37.4706957867304|SES1808
101|10146|서울 1호선|간석|126.69351903231802|37.46470628162983|SES1816
101|10147|서울 1호선|주안|126.67996793218974|37.46505238644672|SES1809
101|10148|서울 1호선|도화|126.668575935273|37.4661175111199|SES1823
101|10149|서울 1호선|제물포|126.65749387411809|37.466819329634994|SES1810
101|10150|서울 1호선|도원|126.64253515710824|37.46877255664296|SES1817
101|10151|서울 1호선|동인천|126.63261605410459|37.4754032677399|SES1811
101|10152|서울 1호선|인천|126.61682219568799|37.476166712082836|SES1812
101|10160|서울 1호선|가산디지털단지|126.882614758479|37.4815311901749|SES1702
101|10161|서울 1호선|독산|126.88947790336374|37.46597376787178|SES1714
101|10162|서울 1호선|금천구청|126.893608614581|37.4561943743749|SES1703
101|10163|서울 1호선|석수|126.90232078368835|37.43509293822681|SES1704
101|10164|서울 1호선|관악|126.90849999541258|37.41956795517324|SES1705
101|10165|서울 1호선|안양|126.922729807594|37.4016838636508|SES1706
101|10166|서울 1호선|명학|126.935592791667|37.3844604191546|SES1707
101|10167|서울 1호선|금정|126.94327003910128|37.37233746119409|SES1708
101|10168|서울 1호선|군포|126.948517502286|37.35419227847359|SES1709
101|10169|서울 1호선|의왕|126.9479765012|37.3203421132836|SES1710
101|10170|서울 1호선|성균관대|126.971022000022|37.3003290017027|SES1711
101|10171|서울 1호선|화서|126.9896120326472|37.2840016829776|SES1712
101|10172|서울 1호선|수원|127.00004960484385|37.26568218296588|SES1713
101|10173|서울 1호선|세류|127.01379969649852|37.243872520123844|SES1715
101|10174|서울 1호선|병점|127.03320037309325|37.206752699495524|SES1716
101|10175|서울 1호선|세마|127.043426817312|37.1871352848477|SES1717
101|10176|서울 1호선|오산대|127.063075726398|37.1693504386917|SES1718
101|10177|서울 1호선|오산|127.066630122646|37.1447171633287|SES1719
101|10178|서울 1호선|진위|127.062355993621|37.1100790285838|SES1720
101|10179|서울 1호선|송탄|127.05428046136659|37.0757126572027|SES1721
101|10180|서울 1호선|서정리|127.052881703722|37.0565637021655|SES1722
101|10181|서울 1호선|평택지제|127.07051382655925|37.01890215095567|SES1723
101|10182|서울 1호선|평택|127.085272971043|36.9908490091432|SES1724
101|10183|서울 1호선|성환|127.126837110236|36.9159530167598|SES1725
101|10184|서울 1호선|직산|127.143823728817|36.8709328418739|SES1726
101|10185|서울 1호선|두정|127.14894257701431|36.833981274461074|SES1727
101|10186|서울 1호선|천안|127.14648879876161|36.81052305989757|SES1728
101|10187|서울 1호선|녹양|127.042279351606|37.759385253302|SES1909
101|10188|서울 1호선|양주|127.044721319691|37.7741421622165|SES1910
101|10189|서울 1호선|덕계|127.056691678415|37.8187525814885|SES1917
101|10190|서울 1호선|덕정|127.06155932141|37.8431876500694|SES1911
101|10191|서울 1호선|지행|127.05579309162063|37.892342734325595|SES1912
101|10192|서울 1호선|동두천중앙|127.05642330094|37.9017807357936|SES1913
101|10193|서울 1호선|보산|127.0571810247491|37.914144018035586|SES1914
101|10194|서울 1호선|동두천|127.05492800053|37.9276132662293|SES1915
101|10195|서울 1호선|소요산|127.061128608638|37.9488975919392|SES1916
101|10196|서울 1호선|광명|126.884961689119|37.4167362171922|SES1729
101|10153|서울 1호선|동묘앞|127.016364227103|37.5732166600283|SES0159
101|10154|서울 1호선|배방|127.052788090648|36.7776965014173|SES1735
101|10155|서울 1호선|봉명|127.1360381121|36.8014198330363|SES1732
101|10156|서울 1호선|신창|126.951393082675|36.7696422998843|SES1737
101|10157|서울 1호선|쌍용(나사렛대)|36.7937257780754|127.121378271233|SES1733
101|10158|서울 1호선|아산|127.104076682696|36.7921165665983|SES1734
101|10159|서울 1호선|온양온천|127.003181472942|36.7805448837693|SES1736
101|10197|서울 1호선|당정|126.94837119045768|37.343689819399884|SES1738
101|10199|서울 1호선|서동탄|127.051856779194|37.1957351505295|SES1918
101|101100|서울 1호선|탕정|127.08439248328|36.7882087107804|SES1M256
101|101101|서울 1호선|청산|127.074273958107|37.9950890028797|SES1M287
101|101102|서울 1호선|전곡|127.071725088088|38.0244410116172|SES1M288
101|101103|서울 1호선|연천|127.073673786091|38.1006071628556|SES1M289
102|10202|서울 2호선|신답|127.047080117369|37.5698386846442|SES0245
102|10203|서울 2호선|용답|127.05088954367504|37.562122776762756|SES0244
102|10204|서울 2호선|성수|127.056066999327|37.5445888153751|SES0211
102|10205|서울 2호선|건대입구|127.06920291650829|37.54040751726388|SES0212
102|10206|서울 2호선|구의|127.086180837795|37.5371752725594|SES0213
102|10207|서울 2호선|강변|127.094741101863|37.5351180385975|SES0214
102|10208|서울 2호선|잠실나루|127.103808749487|37.5207124124456|SES0215
102|10209|서울 2호선|잠실|127.10023101886318|37.51331105877401|SES0216
102|10210|서울 2호선|잠실새내|127.086314327913|37.5116263587296|SES0217
102|10211|서울 2호선|종합운동장|127.073849447402|37.5111446632705|SES0218
102|10212|서울 2호선|삼성|127.06302321147605|37.508822740225305|SES0219
102|10213|서울 2호선|선릉|127.04896282498558|37.504497373023206|SES0220
102|10214|서울 2호선|역삼|127.03646946847|37.5006744185994|SES0221
102|10215|서울 2호선|강남|127.02800140627488|37.49808633653005|SES0222
102|10216|서울 2호선|교대|127.014383829781|37.4938999991414|SES0223
102|10217|서울 2호선|서초|127.007662120039|37.4918499338918|SES0224
102|10218|서울 2호선|방배|126.997553345516|37.4814561268152|SES0225
102|10219|서울 2호선|사당|126.98155858357366|37.47656223234824|SES0226
102|10220|서울 2호선|낙성대|126.963523905001|37.4770932409965|SES0227
102|10221|서울 2호선|서울대입구|126.952713197762|37.4812845080678|SES0228
102|10222|서울 2호선|봉천|126.941686527151|37.4824725161034|SES0229
102|10223|서울 2호선|신림|126.9297453749671|37.484267135140364|SES0230
102|10224|서울 2호선|신대방|126.91350747615147|37.48765046104574|SES0231
102|10225|서울 2호선|구로디지털단지|126.901473080039|37.4852605752505|SES0232
102|10226|서울 2호선|대림|126.894931036051|37.4933099444417|SES0233
102|10228|서울 2호선|도림천|126.882649092584|37.5145080414761|SES0247
102|10229|서울 2호선|양천구청|126.865722369229|37.5123888716808|SES0248
102|10230|서울 2호선|신정네거리|126.852889567642|37.5202231231721|SES0249
102|10231|서울 2호선|까치산|126.846948282657|37.5314060103327|SES0200
102|10232|서울 2호선|문래|126.894778820701|37.5179757181801|SES0235
102|10233|서울 2호선|영등포구청|126.89667739939|37.5258305311402|SES0236
102|10234|서울 2호선|당산|126.902611795523|37.5347843171332|SES0237
102|10235|서울 2호선|합정|126.91445406513526|37.54991315995173|SES0238
102|10236|서울 2호선|홍대입구|126.923778562273|37.5568707448873|SES0239
102|10237|서울 2호선|신촌|126.93698075993808|37.555198169366435|SES0240
102|10238|서울 2호선|이대|126.94642954546576|37.556814718869|SES0241
102|10239|서울 2호선|아현|126.95614644008904|37.55740617797663|SES0242
102|10240|서울 2호선|충정로|126.96449207476172|37.55976328822766|SES0243
102|10242|서울 2호선|을지로입구|126.9821953112953|37.566035517712955|SES0202
102|10243|서울 2호선|을지로3가|126.99098443539428|37.56629149790628|SES0203
102|10244|서울 2호선|을지로4가|126.997632059113|37.5666405038268|SES0204
102|10245|서울 2호선|동대문역사문화공원|127.00900417014896|37.56566440553802|SES0205
102|10246|서울 2호선|신당|127.019477533278|37.5656730531732|SES0206
102|10247|서울 2호선|상왕십리|127.02927241035283|37.56443666620397|SES0207
102|10249|서울 2호선|한양대|127.043639802768|37.5557159860408|SES0209
102|10250|서울 2호선|뚝섬|127.04738727881|37.547241554679|SES0210
102|10251|서울 2호선|용두|127.038275698211|37.5740621283646|SES0250
102|10252|서울 2호선|시청|126.97559827045151|37.56368183746611|SES0201
102|10253|서울 2호선|신설동|127.024918166399|37.5748045192005|SES0246
102|10254|서울 2호선|왕십리|127.03710337610202|37.561268363317176|SES0208
102|10255|서울 2호선|신도림|126.89161095407636|37.508222191535346|SES0234
103|10301|서울 3호선|대화|126.747500970967|37.676157377075|SES1958
103|10302|서울 3호선|주엽|126.761263524195|37.6701494878278|SES1957
103|10303|서울 3호선|정발산|126.773405960872|37.659480619983|SES1956
103|10304|서울 3호선|마두|126.77761059652867|37.65224113444557|SES1955
103|10305|서울 3호선|백석|126.788131509803|37.6429623651607|SES1954
103|10306|서울 3호선|대곡|126.81093112718072|37.63169736298744|SES1953
103|10307|서울 3호선|화정|126.832688422366|37.6346440058753|SES1952
103|10308|서울 3호선|원당|126.842918441607|37.6531102058516|SES1951
103|10309|서울 3호선|삼송|126.89573389994084|37.65326511526386|SES1950
103|10310|서울 3호선|지축|126.913854269202|37.6481486423031|SES0309
103|10311|서울 3호선|구파발|126.918852820009|37.6364357889145|SES0310
103|10312|서울 3호선|연신내|126.92110296894133|37.61920414913163|SES0311
103|10313|서울 3호선|불광|126.930315826401|37.6100477979795|SES0312
103|10314|서울 3호선|녹번|126.935828008217|37.6008067681825|SES0313
103|10315|서울 3호선|홍제|126.944158007985|37.5887953806088|SES0314
103|10316|서울 3호선|무악재|126.950230954136|37.5825632263526|SES0315
103|10317|서울 3호선|독립문|126.95791371132584|37.57446627898665|SES0316
103|10318|서울 3호선|경복궁|126.973691352767|37.5758061234865|SES0317
103|10319|서울 3호선|안국|126.98542143228659|37.57650192060523|SES0318
103|10322|서울 3호선|충무로|126.99414960395544|37.56139658395457|SES0321
103|10323|서울 3호선|동대입구|127.00531600900922|37.55905581925076|SES0322
103|10324|서울 3호선|약수|127.010891666957|37.5545053994984|SES0323
103|10325|서울 3호선|금호|127.01582916945283|37.548260922874086|SES0324
103|10327|서울 3호선|압구정|127.02850865895756|37.52649127416921|SES0326
103|10328|서울 3호선|신사|127.02030856272764|37.51643597531432|SES0327
103|10329|서울 3호선|잠원|127.011419491429|37.5128899169357|SES0328
103|10330|서울 3호선|고속터미널|127.00512100872538|37.50454885557265|SES0329
103|10332|서울 3호선|남부터미널|127.01620028391|37.4851996335293|SES0331
103|10333|서울 3호선|양재|127.03416413380752|37.48457681195669|SES0332
103|10334|서울 3호선|매봉|127.046711448388|37.4869394661317|SES0333
103|10335|서울 3호선|도곡|127.05549883514037|37.49097398162934|SES0334
103|10336|서울 3호선|대치|127.063203409529|37.4944966528582|SES0335
103|10337|서울 3호선|학여울|127.071166599707|37.4968851977644|SES0336
103|10338|서울 3호선|대청|127.07952812085006|37.49370832148055|SES0337
103|10339|서울 3호선|일원|127.084129757128|37.4839886684666|SES0338
103|10340|서울 3호선|수서|127.10205874359781|37.487459640349336|SES0339
103|10341|서울 3호선|교대|127.013867969161|37.4927431676548|SES0330
103|10342|서울 3호선|옥수|127.017393782846|37.5415662783673|SES0325
103|10343|서울 3호선|을지로3가|126.99414960395544|37.56139658395457|SES0320
103|10344|서울 3호선|종로3가|126.9918757981544|37.571563287751246|SES0319
103|10345|서울 3호선|가락시장|127.11764173832|37.4922493218664|SES0340
103|10346|서울 3호선|경찰병원|127.124482397777|37.4960049150853|SES0341
103|10347|서울 3호선|오금|127.12848280775154|37.50232208779385|SES0342
103|10348|서울 3호선|원흥|126.87302523491|37.6506921774602|SES1959
104|10401|서울 4호선|당고개|127.07906662027122|37.67021773630595|SES0409
104|10402|서울 4호선|상계|127.073421632239|37.660720544722|SES0410
104|10403|서울 4호선|노원|127.063449137455|37.6563403513278|SES0411
104|10405|서울 4호선|쌍문|127.03465609756|37.6485426057036|SES0413
104|10406|서울 4호선|수유|127.02550910860451|37.63788539420793|SES0414
104|10407|서울 4호선|미아|127.026041090189|37.6266544891889|SES0415
104|10408|서울 4호선|미아사거리|127.03008663628454|37.61327836400571|SES0416
104|10409|서울 4호선|길음|127.02506019737066|37.603394782316634|SES0417
104|10410|서울 4호선|성신여대입구|127.0171260607647|37.59296812939267|SES0418
104|10411|서울 4호선|한성대입구|127.00601781685579|37.58842461354086|SES0419
104|10412|서울 4호선|혜화|127.00194500977393|37.58204391787134|SES0420
104|10416|서울 4호선|명동|126.98640235001736|37.56096526943837|SES0424
104|10417|서울 4호선|회현|126.9784372569283|37.55876114587941|SES0425
104|10419|서울 4호선|숙대입구|126.972118127373|37.5445952301115|SES0427
104|10420|서울 4호선|삼각지|126.972922951307|37.5344393447708|SES0428
104|10421|서울 4호선|신용산|126.967965039183|37.5292591489375|SES0429
104|10423|서울 4호선|동작|126.9803148383829|37.50297957674478|SES0431
104|10424|서울 4호선|총신대입구(이수)|126.982211871752|37.4867995957995|SES0432
104|10426|서울 4호선|남태령|126.989085267707|37.4642499558525|SES0434
104|10427|서울 4호선|선바위|127.00222869400723|37.451747988798516|SES1450
104|10428|서울 4호선|경마공원|127.007838042533|37.4439629881231|SES1451
104|10429|서울 4호선|대공원|127.006752481821|37.4360557449009|SES1452
104|10430|서울 4호선|과천|126.99661712263098|37.43287530237988|SES1453
104|10431|서울 4호선|정부과천청사|126.989868044926|37.4265047272927|SES1454
104|10432|서울 4호선|인덕원|126.976679855187|37.4014941709597|SES1455
104|10433|서울 4호선|평촌|126.9638080221341|37.39423950914369|SES1456
104|10434|서울 4호선|범계|126.950783269518|37.3897837540429|SES1457
104|10436|서울 4호선|산본|126.933046329836|37.3580193085257|SES1751
104|10437|서울 4호선|수리산|126.92563095069|37.3505579695805|SES1763
104|10438|서울 4호선|대야미|126.916897519557|37.327965125951|SES1752
104|10439|서울 4호선|반월|126.90382444207|37.3123817631801|SES1753
104|10440|서울 4호선|상록수|126.8666056400078|37.30285235924208|SES1754
104|10441|서울 4호선|한대앞|126.85402320176591|37.309429480381965|SES1755
104|10442|서울 4호선|중앙|126.83883035405907|37.31599451967913|SES1756
104|10443|서울 4호선|고잔|126.82359875532677|37.3167693077138|SES1757
104|10445|서울 4호선|안산|126.7892163493839|37.32685867641246|SES1759
104|10446|서울 4호선|신길온천|126.76752183250063|37.33737450574518|SES1760
104|10447|서울 4호선|정왕|126.74335018635819|37.351701334544885|SES1761
104|10448|서울 4호선|오이도|126.73840352940697|37.36170269464333|SES1762
104|10449|서울 4호선|금정|126.94347315682283|37.37246820714397|SES1458
104|10450|서울 4호선|동대문|127.009313828405|37.5709072753658|SES0421
104|10451|서울 4호선|동대문역사문화공원|127.00769790634796|37.565033800640144|SES0422
104|10452|서울 4호선|사당|126.98169851997|37.4775912070902|SES0433
104|10453|서울 4호선|서울역|126.97264235696984|37.553027798935524|SES0426
104|10454|서울 4호선|이촌|126.97452008954151|37.522373484615365|SES0430
104|10455|서울 4호선|창동|127.04838841056|37.6533706449195|SES0412
104|10456|서울 4호선|충무로|126.98640235001736|37.56096526943837|SES0423
104|10457|서울 4호선|초지|126.80647314589804|37.3204403767323|SES1758
104|10458|서울 4호선|별내별가람|127.116241994779|37.6678462120372|SES4M260
104|10459|서울 4호선|오남|127.191104897113|37.7051635201214|SES4M261
104|10460|서울 4호선|진접|127.203247263047|37.7199083469452|SES4M262
105|10501|서울 5호선|방화|126.812819296675|37.5776031994404|SES2511
105|10502|서울 5호선|개화산|126.806814314979|37.5725371505293|SES2512
105|10503|서울 5호선|김포공항|126.80125680693868|37.56209981580658|SES2513
105|10504|서울 5호선|송정|126.812430347154|37.5611612387718|SES2514
105|10505|서울 5호선|마곡|126.82469691791624|37.56022863776301|SES2515
105|10506|서울 5호선|발산|126.83773640693936|37.558677743241596|SES2516
105|10507|서울 5호선|우장산|126.83632627213518|37.54881618721654|SES2517
105|10508|서울 5호선|화곡|126.840455026335|37.5416507925709|SES2518
105|10510|서울 5호선|신정|126.856097474225|37.5250276134139|SES2520
105|10511|서울 5호선|목동|126.86462527157516|37.526135115923466|SES2521
105|10512|서울 5호선|오목교|126.875307312696|37.5245340839144|SES2522
105|10513|서울 5호선|양평|126.886419282885|37.5255796429707|SES2523
105|10515|서울 5호선|영등포시장|126.905179566968|37.522709383885|SES2525
105|10517|서울 5호선|여의도|126.924397990207|37.5217753947299|SES2527
105|10518|서울 5호선|여의나루|126.93298596744|37.5271469489465|SES2528
105|10519|서울 5호선|마포|126.94586257221307|37.53955402908912|SES2529
105|10520|서울 5호선|공덕|126.951451177648|37.5445416897534|SES2530
105|10521|서울 5호선|애오개|126.956669363197|37.5534131497489|SES2531
105|10523|서울 5호선|서대문|126.96663755850754|37.56575193662503|SES2533
105|10524|서울 5호선|광화문|126.97642427981408|37.57164860977568|SES2534
105|10528|서울 5호선|청구|127.013943845279|37.5602101936978|SES2538
105|10529|서울 5호선|신금호|127.02049316578315|37.55447619249223|SES2539
105|10530|서울 5호선|행당|127.029511840513|37.5573637818732|SES2540
105|10532|서울 5호선|마장|127.042984855663|37.5661389565959|SES2542
105|10533|서울 5호선|답십리|127.05256127651293|37.56697480965114|SES2543
105|10534|서울 5호선|장한평|127.06370373106944|37.5616038910656|SES2544
105|10535|서울 5호선|군자|127.0795106156054|37.557151488837924|SES2545
105|10536|서울 5호선|아차산|127.08956495447913|37.55224917071854|SES2546
105|10537|서울 5호선|광나루|127.103521464507|37.5452991715677|SES2547
105|10538|서울 5호선|천호|127.12392845044|37.5385112120297|SES2548
105|10539|서울 5호선|강동|127.132396300314|37.5358819145235|SES2562
105|10540|서울 5호선|길동|127.140021295948|37.5378264874159|SES2550
105|10541|서울 5호선|굽은다리|127.14288387331297|37.54551759022203|SES2551
105|10542|서울 5호선|명일|127.14404374474|37.5513978958277|SES2552
105|10543|서울 5호선|고덕|127.15416500963447|37.55504766830918|SES2553
105|10544|서울 5호선|상일동|127.165905758209|37.5566778757215|SES2554
105|10545|서울 5호선|둔촌동|127.13621464981398|37.52765684247226|SES2555
105|10546|서울 5호선|올림픽공원|127.130963675401|37.5163389870117|SES2556
105|10547|서울 5호선|방이|127.126096046986|37.5087506251989|SES2557
105|10548|서울 5호선|오금|127.127953219596|37.5021388575469|SES2558
105|10549|서울 5호선|개롱|127.13507959838425|37.497968278388235|SES2559
105|10550|서울 5호선|거여|127.143773841911|37.4933304500736|SES2560
105|10551|서울 5호선|마천|127.152859864985|37.4950381629493|SES2561
105|10552|서울 5호선|까치산|126.846444264065|37.5322306724471|SES2519
105|10553|서울 5호선|동대문역사문화공원|127.00579179092047|37.56462215427451|SES2537
105|10554|서울 5호선|신길|126.914913947722|37.517663974187|SES2526
105|10555|서울 5호선|영등포구청|126.895322094259|37.5242291583027|SES2524
105|10556|서울 5호선|왕십리|127.03733125702163|37.56203954461276|SES2541
105|10557|서울 5호선|을지로4가|126.9904176797898|37.57258941181964|SES2536
105|10558|서울 5호선|종로3가|126.9904176797898|37.57258941181964|SES2535
105|10559|서울 5호선|충정로|126.96303964820936|37.56042867918723|SES2532
105|10560|서울 5호선|미사|127.192490980441|37.562991348199|SES5M227
105|10561|서울 5호선|하남풍산|127.204006631381|37.5522898049699|SES5M229
105|10562|서울 5호선|강일|127.175680183486|37.5574259795986|SES5M243
105|10563|서울 5호선|하남시청|127.206298162203|37.5419775122576|SES5M244
105|10564|서울 5호선|하남검단산|127.223219337317|37.5398032640088|SES5M245
106|10601|서울 6호선|봉화산|127.09136011564394|37.617350836302734|SES2648
106|10602|서울 6호선|화랑대|127.08354181123269|37.61984245540276|SES2647
106|10603|서울 6호선|태릉입구|127.075405300578|37.618459513199|SES2646
106|10605|서울 6호선|돌곶이|127.0564381246322|37.61054501416126|SES2644
106|10606|서울 6호선|상월곡|127.048829192974|37.6065588265169|SES2643
106|10607|서울 6호선|월곡|127.041460725816|37.6018044172918|SES2642
106|10608|서울 6호선|고려대|127.03630828564728|37.59044191064368|SES2641
106|10609|서울 6호선|안암|127.029233420248|37.586307417971|SES2640
106|10610|서울 6호선|보문|127.020003515933|37.585541696968|SES2639
106|10611|서울 6호선|창신|127.01529688465331|37.57941474393655|SES2638
106|10612|서울 6호선|동묘앞|127.015725557994|37.5721715926337|SES2637
106|10616|서울 6호선|버티고개|127.006730866101|37.5478275106099|SES2633
106|10617|서울 6호선|한강진|127.001765135176|37.5397907743775|SES2632
106|10618|서울 6호선|이태원|126.994333861918|37.5345252050511|SES2631
106|10619|서울 6호선|녹사평|126.9865496751|37.5347227952064|SES2630
106|10621|서울 6호선|효창공원앞|126.96139810075|37.5393087503306|SES2628
106|10623|서울 6호선|대흥|126.942473188734|37.5476479056751|SES2626
106|10624|서울 6호선|광흥창|126.93202965599583|37.54748648317645|SES2625
106|10625|서울 6호선|상수|126.92242989321456|37.54776618366393|SES2624
106|10627|서울 6호선|망원|126.910094329982|37.5560826563712|SES2622
106|10628|서울 6호선|마포구청|126.903425598797|37.5634871865932|SES2621
106|10629|서울 6호선|월드컵경기장|126.899098148061|37.5696355653344|SES2620
106|10630|서울 6호선|디지털미디어시티|126.90127778415635|37.57601374718818|SES2619
106|10631|서울 6호선|증산|126.909494991105|37.583746353282|SES2618
106|10632|서울 6호선|새절|126.913580663181|37.5908600479967|SES2617
106|10633|서울 6호선|응암|126.9155399209037|37.5984928632876|SES2611
106|10634|서울 6호선|역촌|126.9228437430386|37.60622745935512|SES2612
106|10636|서울 6호선|독바위|126.933053652461|37.6184141599944|SES2614
106|10638|서울 6호선|구산|126.91725947715172|37.61124669148435|SES2616
106|10639|서울 6호선|공덕|126.95189540256291|37.543530049331636|SES2627
106|10640|서울 6호선|불광|126.92939540272262|37.61087796280672|SES2613
106|10641|서울 6호선|삼각지|126.97405509443837|37.53560639488231|SES2629
106|10642|서울 6호선|석계|127.066703301093|37.6151491167469|SES2645
106|10643|서울 6호선|신당|127.01617590593352|37.56609251486158|SES2636
106|10644|서울 6호선|약수|127.010153707232|37.5539252226626|SES2634
106|10645|서울 6호선|연신내|126.92045466718463|37.61851445829909|SES2615
106|10646|서울 6호선|청구|127.014165812912|37.5609165488093|SES2635
106|10647|서울 6호선|합정|126.91421318621|37.5487840343032|SES2623
106|10648|서울 6호선|신내|127.104271439503|37.6124910157349|SES6M224
107|10701|서울 7호선|장암|127.052818310578|37.699956566426|SES2711
107|10703|서울 7호선|수락산|127.055350968781|37.6778814656816|SES2713
107|10704|서울 7호선|마들|127.057712619869|37.6652017465321|SES2714
107|10706|서울 7호선|중계|127.06411035896|37.6450921230569|SES2716
107|10707|서울 7호선|하계|127.067991278758|37.6364765391858|SES2717
107|10708|서울 7호선|공릉|127.073033585328|37.6255427648558|SES2718
107|10710|서울 7호선|먹골|127.077762187968|37.6106193846197|SES2720
107|10711|서울 7호선|중화|127.079312037122|37.6025526943256|SES2721
107|10712|서울 7호선|상봉|127.085754455388|37.5955853328943|SES2722
107|10713|서울 7호선|면목|127.087503803859|37.5887148877725|SES2723
107|10714|서울 7호선|사가정|127.088504554212|37.5809403751459|SES2724
107|10715|서울 7호선|용마산|127.08671982507775|37.57366797492471|SES2725
107|10716|서울 7호선|중곡|127.08431236632154|37.56592206115955|SES2726
107|10718|서울 7호선|어린이대공원|127.07465525507352|37.54796087622509|SES2728
107|10720|서울 7호선|자양|127.06679509976304|37.53155927720518|SES2730
107|10721|서울 7호선|청담|127.053717937903|37.519455579961|SES2731
107|10722|서울 7호선|강남구청|127.0413109462156|37.51721617197854|SES2732
107|10723|서울 7호선|학동|127.03190190063152|37.51434578734927|SES2733
107|10724|서울 7호선|논현|127.02165424259898|37.51120000205266|SES2734
107|10725|서울 7호선|반포|127.011586161943|37.5081614290284|SES2735
107|10727|서울 7호선|내방|126.993600180589|37.4876585212369|SES2737
107|10729|서울 7호선|남성|126.97091020065321|37.484793511299706|SES2739
107|10730|서울 7호선|숭실대입구|126.953621963422|37.4963172817574|SES2740
107|10731|서울 7호선|상도|126.947917975554|37.5028706251049|SES2741
107|10732|서울 7호선|장승배기|126.939072381356|37.5048990621814|SES2742
107|10733|서울 7호선|신대방삼거리|126.92821094566965|37.499757228908564|SES2743
107|10734|서울 7호선|보라매|126.92061230710924|37.49992085496506|SES2744
107|10735|서울 7호선|신풍|126.90975434386|37.5001229935524|SES2745
107|10737|서울 7호선|남구로|126.88741505160269|37.48625714438263|SES2747
107|10739|서울 7호선|철산|126.868211027014|37.4761928424537|SES2749
107|10740|서울 7호선|광명사거리|126.854873735158|37.4792983082726|SES2750
107|10741|서울 7호선|천왕|126.83860534807998|37.48685558277736|SES2751
107|10742|서울 7호선|가산디지털단지|126.882661758356|37.4803959660982|SES2748
107|10743|서울 7호선|건대입구|127.071104284458|37.5408686005702|SES2729
107|10744|서울 7호선|고속터미널|127.005007834609|37.5033865633062|SES2736
107|10745|서울 7호선|군자|127.07966825326926|37.55745501860533|SES2727
107|10746|서울 7호선|노원|127.06055556456411|37.6545110763411|SES2715
107|10747|서울 7호선|대림|126.896722858042|37.4928430008915|SES2746
107|10748|서울 7호선|도봉산|127.046425596353|37.6896304650032|SES2712
107|10749|서울 7호선|온수|126.823847928009|37.4919675365056|SES2752
107|10750|서울 7호선|총신대입구(이수)|126.98167629035197|37.48528852311765|SES2738
107|10751|서울 7호선|태릉입구|127.075405300578|37.618459513199|SES2719
107|10752|서울 7호선|까치울|126.81133962285816|37.506227351130065|SES2753
107|10753|서울 7호선|부천종합운동장|126.7972349705182|37.50542641602307|SES2754
107|10754|서울 7호선|춘의|126.78699775795889|37.50369919594287|SES2755
107|10755|서울 7호선|신중동|126.77689833819102|37.50295164139924|SES2756
107|10756|서울 7호선|부천시청|126.76401384887843|37.50465563053715|SES2757
107|10757|서울 7호선|상동|126.753192450274|37.50578860265|SES2758
107|10758|서울 7호선|삼산체육관|126.7414221320359|37.50650314706075|SES2759
107|10759|서울 7호선|굴포천|126.7313475774674|37.50704649360379|SES2760
107|10760|서울 7호선|부평구청|126.72143971800028|37.50743350044892|SES2761
107|10761|서울 7호선|산곡|126.703543714352|37.5086071956774|SES7M246
107|10762|서울 7호선|석남|126.676149271119|37.5062431189861|SES7M247
108|10801|서울 8호선|암사|127.12754072968517|37.55015818096496|SES2811
108|10803|서울 8호선|강동구청|127.12044373032|37.5302111983522|SES2813
108|10804|서울 8호선|몽촌토성|127.11286534895457|37.5178055794687|SES2814
108|10806|서울 8호선|석촌|127.107004062699|37.5054141216925|SES2816
108|10807|서울 8호선|송파|127.112193506363|37.4997149535067|SES2817
108|10808|서울 8호선|가락시장|127.118262745146|37.4930992522183|SES2818
108|10809|서울 8호선|문정|127.122484886901|37.4860310539381|SES2819
108|10810|서울 8호선|장지|127.12617656737|37.4786316933099|SES2820
108|10811|서울 8호선|복정|127.12672175187316|37.47074367341675|SES2821
108|10812|서울 8호선|산성|127.14994186233623|37.456881468719025|SES2822
108|10813|서울 8호선|남한산성입구|127.159882577768|37.4516686968693|SES2823
108|10814|서울 8호선|단대오거리|127.156769790167|37.44502248894697|SES2824
108|10815|서울 8호선|신흥|127.147538132656|37.4409230460675|SES2825
108|10816|서울 8호선|수진|127.140534508419|37.4373779787206|SES2826
108|10817|서울 8호선|모란|127.129970457799|37.4340382896277|SES2827
108|10818|서울 8호선|잠실|127.103270523629|37.5143121584933|SES2815
108|10819|서울 8호선|천호|127.12320335921426|37.537936231906734|SES2812
108|10820|서울 8호선|남위례|127.139350997519|37.4627230752808|SES8M259
108|10821|서울 8호선|암사역사공원|127.137563111896|37.5571837185175|SES8M295
108|10822|서울 8호선|장자호수공원|127.137933784452|37.5875774304238|SES8M296
108|10823|서울 8호선|구리|127.140724609447|37.6025594165258|SES8M297
108|10824|서울 8호선|동구릉|127.13800203872|37.6110490478693|SES8M298
108|10825|서울 8호선|다산|127.14979716054|37.6242782781657|SES8M299
108|10826|서울 8호선|별내|127.12728258400915|37.642486592412226|SES8M300
109|10901|서울 9호선|가양|126.85442142615852|37.56143311719883|SES0907
109|10902|서울 9호선|개화|126.796891362602|37.5783445148797|SES0901
109|10903|서울 9호선|고속터미널|127.004211793489|37.5059814899483|SES0923
109|10904|서울 9호선|공항시장|126.81060964296609|37.56368922800772|SES0903
109|10905|서울 9호선|구반포|126.987464905696|37.5014398319603|SES0921
109|10906|서울 9호선|국회의사당|126.91783895106|37.5281465047706|SES0914
109|10907|서울 9호선|김포공항|126.80191361988808|37.56196757232288|SES0902
109|10908|서울 9호선|노들|126.953096069577|37.5126721234205|SES0918
109|10909|서울 9호선|노량진|126.940893179777|37.5135856714992|SES0917
109|10910|서울 9호선|당산|126.902165052778|37.5337892432802|SES0913
109|10911|서울 9호선|동작|126.97854611382496|37.502744106282044|SES0920
109|10912|서울 9호선|등촌|126.86557100595411|37.550728980328884|SES0909
109|10913|서울 9호선|마곡나루|126.827420928424|37.5667126094974|SES0905
109|10914|서울 9호선|사평|127.015272484531|37.5042326273953|SES0924
109|10915|서울 9호선|샛강|126.9283750591322|37.51737287009036|SES0916
109|10916|서울 9호선|선유도|126.89333386450167|37.53815865606546|SES0912
109|10917|서울 9호선|신논현|127.025492036104|37.504811111562|SES0925
109|10918|서울 9호선|신목동|126.883095790252|37.5442883741577|SES0911
109|10919|서울 9호선|신반포|126.996082392175|37.5035091412544|SES0922
109|10920|서울 9호선|신방화|126.81723757150974|37.56748745669626|SES0904
109|10921|서울 9호선|양천향교|126.841978835328|37.5680808809647|SES0906
109|10922|서울 9호선|여의도|126.92466104293|37.5211700890445|SES0915
109|10923|서울 9호선|염창|126.874871603971|37.546982941543|SES0910
109|10924|서울 9호선|증미|126.86063675500975|37.558133059903305|SES0908
109|10925|서울 9호선|흑석|126.963463063008|37.5091654719404|SES0919
109|10926|서울 9호선|언주|127.033970921595|37.5073353959717|SES0926
109|10927|서울 9호선|선정릉|127.0440148858615|37.51032431709664|SES0927
109|10928|서울 9호선|삼성중앙|127.053043676912|37.5129614511319|SES0928
109|10929|서울 9호선|봉은사|127.060233935114|37.5142554489848|SES0929
109|10930|서울 9호선|종합운동장|127.076324485585|37.5114097871778|SES0930
109|10931|서울 9호선|삼전|127.08736363126373|37.504549097056476|SES9M205
109|10932|서울 9호선|석촌고분|127.0965081858022|37.50246245994369|SES9M206
109|10933|서울 9호선|석촌|127.10676479806769|37.504972845773686|SES9M207
109|10934|서울 9호선|송파나루|127.11266171422027|37.51101671275264|SES9M208
109|10935|서울 9호선|한성백제|127.116449169971|37.5165379932802|SES9M209
109|10936|서울 9호선|올림픽공원|127.130252931248|37.5161163241813|SES9M210
109|10937|서울 9호선|둔촌오륜|127.13865206962898|37.51940803726135|SES9M211
109|10938|서울 9호선|중앙보훈병원|127.14841167813621|37.52840258997037|SES9M212
201|20101|수인분당선|오리|127.108948940053|37.3398305519823|SES1859
201|20102|수인분당선|미금|127.10900662549734|37.35007159880101|SES1858
201|20103|수인분당선|정자|127.108097457244|37.3661737923199|SES1857
201|20104|수인분당선|수내|127.114288846291|37.3784687674046|SES1856
201|20105|수인분당선|서현|127.123431479636|37.3850154269126|SES1855
201|20106|수인분당선|야탑|127.128742990837|37.4113736407028|SES1854
201|20108|수인분당선|태평|127.12774980543841|37.43978918729356|SES1852
201|20110|수인분당선|대모산입구|127.073070274916|37.4915500752654|SES1028
201|20111|수인분당선|개포동|127.066120707828|37.4891394691891|SES1027
201|20112|수인분당선|한티|127.052909749417|37.4962857047653|SES1024
201|20113|수인분당선|이매|127.12828790116325|37.396209063853476|SES1860
201|20114|수인분당선|보정|127.108336816968|37.3127749181936|SES1861
201|20115|수인분당선|구룡|127.059492941655|37.4870274262116|SES1026
201|20116|수인분당선|죽전|127.107505020642|37.3243773830569|SES1862
201|20117|수인분당선|도곡|127.05549883514037|37.49097398162934|SES1025
201|20118|수인분당선|모란|127.129970457799|37.4340382896277|SES1853
201|20119|수인분당선|복정|127.12657757539301|37.46904181976967|SES1031
201|20120|수인분당선|선릉|127.04870992465413|37.505167825521674|SES1023
201|20121|수인분당선|수서|127.10096935722798|37.48791648624159|SES1030
201|20122|수인분당선|강남구청|127.0413109462156|37.51721617197854|SES1849
201|20123|수인분당선|기흥|127.11704645705142|37.27545287699772|SES3701
201|20124|수인분당선|매교|127.01590057208|37.2655153235144|SES1872
201|20125|수인분당선|매탄권선|127.040808657326|37.2525055074191|SES1870
201|20128|수인분당선|상갈|127.108737254546|37.261811831367|SES1866
201|20129|수인분당선|서울숲|127.044746216358|37.543645796605|SES1847
201|20130|수인분당선|수원|127.00004960484385|37.26568218296588|SES1873
201|20131|수인분당선|수원시청|127.030857188083|37.2619226180172|SES1871
201|20132|수인분당선|신갈|127.111284750107|37.2861483619847|SES1864
201|20135|수인분당선|영통|127.07133191773|37.2515035095752|SES1868
201|20136|수인분당선|왕십리|127.03878380532441|37.56063982853407|SES1846
201|20137|수인분당선|구성|127.10569583571818|37.298978850791976|SES1863
201|20144|수인분당선|오이도|126.73892305019992|37.362929236026645|SES3501
201|20145|수인분당선|달월|126.74540347645|37.3800267658985|SES3502
201|20146|수인분당선|월곶|126.742707561155|37.3918207044367|SES3503
201|20147|수인분당선|소래포구|126.733492081979|37.4009402347666|SES3504
201|20148|수인분당선|인천논현|126.722452080127|37.4006589466073|SES3505
201|20149|수인분당선|호구포|126.708683171095|37.4016421735726|SES3506
201|20150|수인분당선|남동인더스파크|126.695227491501|37.4077423820652|SES3507
201|20151|수인분당선|원인재|126.686457819329|37.4132120460243|SES3508
201|20152|수인분당선|연수|126.67874745918827|37.41792798381812|SES3509
201|20153|수인분당선|송도|126.654675713707|37.4299616326114|SES3510
201|20138|수인분당선|압구정로데오|127.0406027693898|37.5275184818021|SES1848
201|20139|수인분당선|선정릉|127.0440148858615|37.51032431709664|SES1850
201|20140|수인분당선|가천대|127.1266967573021|37.44856169280611|SES1851
201|20141|수인분당선|망포|127.056854781327|37.2458383703858|SES1869
201|20142|수인분당선|청명|127.078969000537|37.2595395723925|SES1867
201|20154|수인분당선|인하대|126.649763418519|37.4483386165197|SES3511
201|20155|수인분당선|숭의|126.63841022084426|37.460799611154286|SES3512
201|20156|수인분당선|신포|126.624533685908|37.4684545360849|SES3513
201|20157|수인분당선|인천|126.617398357613|37.4764686136348|SES3514
201|20143|수인분당선|청량리|127.047847862522|37.5808953806814|SES23M213
201|20158|수인분당선|정왕|126.742261089582|37.3520125238326|SES44M241
201|20159|수인분당선|신길온천|126.76655878915673|37.33789250317993|SES44M240
201|20160|수인분당선|안산|126.78801883475911|37.32740075973935|SES44M239
201|20161|수인분당선|초지|126.80546223274199|37.320896443419954|SES44M238
201|20162|수인분당선|고잔|126.822470479766|37.3168252865338|SES44M237
201|20163|수인분당선|중앙|126.8379593376949|37.316040183909934|SES44M236
201|20164|수인분당선|한대앞|126.85324560267|37.3102070123702|SES44M235
201|20165|수인분당선|사리|126.85710444456184|37.290641235808586|SES44M234
201|20166|수인분당선|야목|126.883773399214|37.2614226743824|SES44M233
201|20167|수인분당선|어천|126.90880001435008|37.25008784954119|SES44M232
201|20168|수인분당선|오목천|126.963902835862|37.2433596329495|SES44M231
201|20169|수인분당선|고색|126.980572516343|37.2497717717764|SES44M230
202|20201|의정부경전철|발곡|127.052969199269|37.7271478742052|SES3601
202|20202|의정부경전철|회룡|127.052969199269|37.7271478742052|SES3601
202|20203|의정부경전철|범골|127.043668564435|37.7287878498671|SES3603
202|20204|의정부경전철|경전철의정부|127.04330596631|37.7372643130628|SES3604
202|20205|의정부경전철|의정부시청|127.03717589317614|37.74328307869396|SES3606
202|20206|의정부경전철|흥선|127.03717589317614|37.74328307869396|SES3606
202|20207|의정부경전철|의정부중앙|127.049649812523|37.7436803165603|SES3607
202|20208|의정부경전철|동오|127.056985043204|37.745269911047|SES3608
202|20209|의정부경전철|새말|127.063759511679|37.7488486906286|SES3609
202|20210|의정부경전철|경기도청 북부청사|127.071617829299|37.7507650408734|SES3610
202|20211|의정부경전철|효자|127.077226606947|37.7539905661041|SES3611
202|20212|의정부경전철|곤제|127.083822421136|37.7505371570413|SES3612
202|20213|의정부경전철|어룡|127.085206837732|37.7426941378158|SES3613
202|20214|의정부경전철|송산|127.08721549161|37.7372760423191|SES3614
202|20215|의정부경전철|탑석|127.088908165858|37.7334871006703|SES3615
203|20301|경강선|판교|127.111982699564|37.394775885643|SES40M130
203|20302|경강선|이매|127.127318661399|37.3947135146921|SES40M131
203|20303|경강선|삼동|127.20338391386589|37.40868738382225|SES40M132
203|20304|경강선|경기광주|127.253282668137|37.3989438131636|SES40M133
203|20305|경강선|초월|127.299905223152|37.3733791295012|SES40M134
203|20306|경강선|곤지암|127.346251343712|37.3505395429634|SES40M135
203|20307|경강선|신둔도예촌|127.40524300441095|37.3156131233126|SES40M136
203|20308|경강선|이천|127.44216788016918|37.264225761758865|SES40M137
203|20309|경강선|부발|127.490321502069|37.2603923465465|SES40M138
203|20310|경강선|세종대왕릉|127.57065963840586|37.2936326216504|SES40M139
203|20311|경강선|여주|127.628529053998|37.2828596478666|SES40M140
203|20312|경강선|성남|127.119560339499|37.3947450401644|SES40M290
301|30101|인천 1호선|동막|126.673448014592|37.3979424375979|SES3132
301|30102|인천 1호선|동춘|126.680851046438|37.404576119239|SES3131
301|30103|인천 1호선|원인재|126.687889114089|37.4123688782408|SES3130
301|30104|인천 1호선|신연수|126.694019681969|37.4181081550544|SES3129
301|30105|인천 1호선|선학|126.69892316532737|37.4269470843403|SES3128
301|30106|인천 1호선|문학경기장|126.698449383593|37.4346513434001|SES3127
301|30107|인천 1호선|인천터미널|126.699694889876|37.4419166733897|SES3126
301|30108|인천 1호선|예술회관|126.700916120922|37.4485259845342|SES3125
301|30109|인천 1호선|인천시청|126.70223575350143|37.45773583769292|SES3124
301|30110|인천 1호선|간석오거리|126.707918490817|37.4670826685298|SES3123
301|30111|인천 1호선|부평삼거리|126.71029378166388|37.477834830017315|SES3122
301|30112|인천 1호선|동수|126.718606270842|37.4855071635951|SES3121
301|30114|인천 1호선|부평시장|126.722285373949|37.4983641942962|SES3119
301|30115|인천 1호선|부평구청|126.720583092527|37.5084658276667|SES3118
301|30116|인천 1호선|갈산|126.721550773775|37.5171177260985|SES3117
301|30117|인천 1호선|작전|126.722560827351|37.5302710952892|SES3116
301|30118|인천 1호선|경인교대입구|126.7277312169|37.5433079533771|SES3114
301|30119|인천 1호선|계산|126.7277312169|37.5433079533771|SES3114
301|30120|인천 1호선|임학|126.738633379569|37.5450120455649|SES3113
301|30121|인천 1호선|박촌|126.74506746745|37.5536612597496|SES3112
301|30122|인천 1호선|귤현|126.742679119614|37.5662988350728|SES3111
301|30123|인천 1호선|부평|126.724331088618|37.4894490429055|SES1806
301|30124|인천 1호선|계양|126.73633456381877|37.571517804153075|SES3110
301|30113|인천 1호선|국제업무지구|126.634988814949|37.3928455432657|SES3144
301|30125|인천 1호선|센트럴파크|126.634988814949|37.3928455432657|SES3144
301|30126|인천 1호선|인천대입구|126.639542234479|37.3862063921103|SES3143
301|30127|인천 1호선|지식정보단지|126.645861381029|37.37750721892|SES3142
301|30128|인천 1호선|캠퍼스타운|126.662206121031|37.38844295632|SES3140
301|30129|인천 1호선|테크노파크|126.656299104753|37.3822809834253|SES3141
301|30130|인천 1호선|송도달빛축제공원|126.62601790846256|37.406920219431996|SES22M242
302|30201|인천 2호선|가재울|126.683769149033|37.4841504406643|SES39M116
302|30202|인천 2호선|가정|126.675357432309|37.5248168619511|SES39M111
302|30203|인천 2호선|가정중앙시장|126.676823324228|37.5175263931377|SES39M112
302|30204|인천 2호선|검단사거리|126.65643839271|37.6016612295398|SES39M103
302|30205|인천 2호선|검단오류|126.627907494962|37.5949434686845|SES39M101
302|30206|인천 2호선|검바위|126.67567426472|37.5686781799536|SES39M107
302|30207|인천 2호선|검암|126.67567426472|37.5686781799536|SES39M107
302|30208|인천 2호선|남동구청|126.736565773149|37.4481747324298|SES39M125
302|30209|인천 2호선|독정|126.67600264877679|37.58484825991949|SES39M106
302|30210|인천 2호선|마전|126.667223457118|37.5976340869751|SES39M104
302|30211|인천 2호선|만수|126.731736248865|37.4549755117309|SES39M124
302|30212|인천 2호선|모래내시장|126.719621557604|37.4558628174958|SES39M123
302|30213|인천 2호선|서구청|126.676844673062|37.5440446154284|SES39M110
302|30214|인천 2호선|서부여성회관|126.675870541598|37.5003434953542|SES39M114
302|30215|인천 2호선|석남|126.676149271119|37.5062431189861|SES7M247
302|30216|인천 2호선|석바위시장|126.692353074376|37.4576690774014|SES39M120
302|30217|인천 2호선|석천사거리|126.710422456642|37.4567884972007|SES39M122
302|30218|인천 2호선|시민공원|126.681074618963|37.4583852139167|SES39M119
302|30219|인천 2호선|아시아드경기장|126.677107520162|37.5513145630525|SES39M109
302|30220|인천 2호선|완정|126.673033100577|37.5928390497566|SES39M105
302|30221|인천 2호선|왕길|126.642477372147|37.595129055954|SES39M102
302|30222|인천 2호선|운연|126.759606687799|37.4396425989597|SES39M127
302|30223|인천 2호선|인천가좌|126.675242029489|37.4898360731372|SES39M115
302|30224|인천 2호선|인천대공원|126.752851963764|37.4484766105613|SES39M126
302|30225|인천 2호선|인천시청|126.692353074376|37.4576690774014|SES39M120
302|30226|인천 2호선|주안|126.679015725246|37.4651552217129|SES39M118
302|30227|인천 2호선|주안국가산단|126.68122005538342|37.47391267095278|SES39M117
303|30301|인천공항자기부상철도|인천공항1터미널|126.452349810171|37.4476391820171|1535108967
303|30302|인천공항자기부상철도|장기주차장|126.45562030781|37.4438953040571|1534827486
303|30303|인천공항자기부상철도|합동청사|126.458659841085|37.440481844271|1534778943
303|30304|인천공항자기부상철도|파라다이스시티|126.459863313506|37.4371752560381|1534454507
303|30305|인천공항자기부상철도|워터파크|126.43416991116|37.4291910812658|1534365063
303|30306|인천공항자기부상철도|용유|126.423646323362|37.4248334335062|1534204529
901|90101|공항철도|검암|126.67364220875055|37.56925281871912|SES3136
901|90102|공항철도|계양|126.73627367694554|37.57177084709832|SES3137
901|90103|공항철도|공항화물청사|126.47751440637|37.4590625046021|SES3134
901|90104|공항철도|김포공항|126.8024731079849|37.561829756420224|SES3138
901|90105|공항철도|운서|126.493729942049|37.4928088834418|SES3135
901|90106|공항철도|인천공항1터미널|126.45258454579164|37.44752854508576|SES3133
901|90107|공항철도|디지털미디어시티|126.89788185706144|37.57752092438604|SES3139
901|90108|공항철도|서울역|126.96974961781686|37.55332892758497|SES3169
901|90109|공항철도|홍대입구|126.927010430346|37.5573052656667|SES3149
901|90110|공항철도|공덕|126.952602261123|37.5423148868697|SES3159
901|90111|공항철도|청라국제도시|126.62465841357525|37.55646453155236|SES3179
901|90112|공항철도|영종|126.524975940011|37.5120289919535|SES2780
901|90113|공항철도|인천공항2터미널|126.433640888212|37.4688002145258|SES27M178
901|90114|공항철도|마곡나루|126.82749586320818|37.56563152507763|SES27M204
1001|100128|경의중앙선|이촌|126.97354382085399|37.52241291408466|SES1008
1001|100129|경의중앙선|서빙고|126.98841094338457|37.519568139395346|SES1009
1001|100130|경의중앙선|한남|127.009209110584|37.5294289189437|SES1010
1001|100131|경의중앙선|옥수|127.01874455821252|37.540511901869166|SES1011
1001|100132|경의중앙선|응봉|127.034483653629|37.5499526279456|SES1012
1001|100133|경의중앙선|왕십리|127.0383329389645|37.56205814456861|SES1013
1001|100134|경의중앙선|청량리|127.04786558187519|37.580279093795085|SES1014
1001|100136|경의중앙선|중랑|127.075680398461|37.5948425975025|SES1201
1001|100137|경의중앙선|망우|127.092367383432|37.5992960295399|SES1203
1001|100138|경의중앙선|양원|127.107946139148|37.6066060557557|SES1204
1001|100139|경의중앙선|구리|127.14335098072823|37.603268938528196|SES1205
1001|100140|경의중앙선|도농|127.161178663222|37.6087726045416|SES1206
1001|100141|경의중앙선|양정|127.19466908658632|37.604027962835566|SES1207
1001|100142|경의중앙선|덕소|127.208842710609|37.5868903292078|SES1208
1001|100143|경의중앙선|도심|127.222683857886|37.579639075911|SES1209
1001|100144|경의중앙선|팔당|127.243966151989|37.5473594340956|SES1210
1001|100145|경의중앙선|회기|127.05782624137|37.5895296349726|SESP1015
1001|100146|경의중앙선|용산|126.96475753303035|37.52960692295435|SESP1003
1001|100127|경의중앙선|국수|127.399309828929|37.5161871164552|SES1214
1001|100135|경의중앙선|양수|127.329138380916|37.5459634283124|SES1212
1001|100147|경의중앙선|운길산|127.310231608596|37.5546425431665|SES1211
1001|100101|경의중앙선|문산|126.787395378931|37.854626895054|SES4001
1001|100102|경의중앙선|파주|126.79269130281|37.8153655831005|SES4002
1001|100103|경의중앙선|월롱|126.792585875504|37.7962146380874|SES4003
1001|100104|경의중앙선|금촌|126.774633255205|37.7662265030421|SES4004
1001|100105|경의중앙선|금릉|126.765410119425|37.7513389843704|SES4005
1001|100106|경의중앙선|운정|126.76716330229101|37.72560181256856|SES4006
1001|100107|경의중앙선|탄현|126.761078262576|37.6939889446111|SES4007
1001|100108|경의중앙선|일산|126.7695084298458|37.68222907297604|SES4008
1001|100109|경의중앙선|풍산|126.78608384011483|37.672668497783|SES4009
1001|100110|경의중앙선|백마|126.7943339818477|37.65853599537713|SES4010
1001|100111|경의중앙선|곡산|126.80160321314327|37.64607886227099|SES4011
1001|100112|경의중앙선|대곡|126.8100094467358|37.631949960160085|SES4012
1001|100113|경의중앙선|능곡|126.82063426387445|37.61898698884321|SES4013
1001|100114|경의중앙선|행신|126.83428827682994|37.612121606726944|SES4014
1001|100115|경의중앙선|한국항공대|126.86832177393612|37.6029725988481|SES4015
1001|100116|경의중앙선|수색|126.895659474538|37.5808625683358|SES4016
1001|100117|경의중앙선|디지털미디어시티|126.90069067398757|37.57740168656261|SES4017
1001|100118|경의중앙선|가좌|126.914815128053|37.5687433529646|SES4018
1001|100119|경의중앙선|신촌|126.94208931819857|37.55967513765615|SES4019
1001|100120|경의중앙선|서울역|126.9713179064219|37.55693330961779|SES4020
1001|100148|경의중앙선|신원|127.373091698635|37.5255855578889|SES1213
1001|100149|경의중앙선|아신|127.443211499187|37.5139186008078|SES1215
1001|100150|경의중앙선|양평|127.492247611418|37.4926843397043|SES1216
1001|100151|경의중앙선|원덕|127.546558679899|37.468781735546|SES1217
1001|100152|경의중앙선|오빈|127.473661407181|37.5061671737276|SES1219
1001|100153|경의중앙선|용문|127.593795306663|37.4818020661568|SES1218
1001|100154|경의중앙선|상봉|127.08515107127755|37.59671381067542|SES1220
1001|100121|경의중앙선|홍대입구|126.927118938976|37.5574494922411|SES4021
1001|100122|경의중앙선|서강대|126.935507621173|37.5521384864879|SES4022
1001|100123|경의중앙선|공덕|126.95271984059|37.5424735099283|SES4023
1001|100124|경의중앙선|강매|126.84449823065067|37.6122904718741|SES4024
1001|100125|경의중앙선|야당|126.761453983315|37.712611015679|SES4025
1001|100126|경의중앙선|효창공원앞|126.96282412672662|37.53860552677497|SES4026
1001|100155|경의중앙선|지평|127.62890592244803|37.476907283345135|SES26M158
1001|100156|경의중앙선|임진강|126.747078454706|37.8882750558283|SES26M225
1001|100157|경의중앙선|운천|126.769908998666|37.8798512036962|SES26M277
1101|110101|신분당선|강남|127.028185245594|37.4967771303817|SES3401
1101|110102|신분당선|양재|127.035154074503|37.4834655780476|SES3402
1101|110103|신분당선|양재시민의숲|127.038471341381|37.4701332061395|SES3403
1101|110104|신분당선|청계산입구|127.054720327179|37.4483547387397|SES3404
1101|110105|신분당선|판교|127.11119782955879|37.39477752734142|SES3405
1101|110106|신분당선|정자|127.108519062566|37.3673267196137|SES3406
1101|110107|신분당선|동천|127.102870440698|37.3378429142383|SES3407
1101|110108|신분당선|수지구청|127.094658560596|37.322492584304|SES3408
1101|110109|신분당선|성복|127.08038367116|37.3135324511783|SES3409
1101|110110|신분당선|상현|127.069363534097|37.2978289663421|SES3410
1101|110111|신분당선|광교중앙|127.051726324729|37.2883843017536|SES3411
1101|110112|신분당선|광교|127.044268853097|37.3021119263654|SES3412
1101|110113|신분당선|미금|127.108519062566|37.3673267196137|SES3406
1101|110116|신분당선|신논현|127.024926154562|37.5036164990854|SES34M263
1101|110114|신분당선|논현|127.021678898276|37.5104125196351|SES34M264
1101|110115|신분당선|신사|127.019551734927|37.5160820085929|SES34M265
1201|120101|경춘선|가평|127.51073942455|37.8145200514507|SES5011
1201|120102|경춘선|갈매|127.114760741021|37.6340689252244|SES5018
1201|120103|경춘선|강촌|127.634151572422|37.805721704842|SES5014
1201|120104|경춘선|굴봉산|127.557769861431|37.8320661917515|SES5012
1201|120105|경춘선|금곡|127.207533674718|37.6373551430559|SES5005
1201|120106|경춘선|김유정|127.714323967766|37.8184490071056|SES5015
1201|120107|경춘선|남춘천|127.723850659304|37.8640466747977|SES5016
1201|120108|경춘선|대성리|127.379706254541|37.6839900741502|SES5008
1201|120109|경춘선|마석|127.311686554885|37.652792215501|SES5007
1201|120110|경춘선|망우|127.091738656282|37.600017312378|SES5002
1201|120111|경춘선|백양리|127.589324987859|37.8307917497493|SES5013
1201|120112|경춘선|사릉|127.17692620365439|37.65112427884554|SES5004
1201|120113|경춘선|상봉|127.085085690038|37.5969733432502|SES5001
1201|120114|경춘선|상천|127.454515681516|37.7701784041516|SES5010
1201|120115|경춘선|청평|127.426622860785|37.7355163992466|SES5009
1201|120116|경춘선|춘천|127.716698593345|37.884512737384|SES5017
1201|120117|경춘선|퇴계원|127.14353713662|37.6482657629059|SES5003
1201|120118|경춘선|평내호평|127.244438968688|37.6532138128125|SES5006
1201|120119|경춘선|별내|127.1269691476328|37.642067071704496|SES5019
1201|120120|경춘선|신내|127.10322521629693|37.61270546979327|SES5022
1201|120121|경춘선|천마산|127.285062700362|37.6592276778117|SES5021
1201|120122|경춘선|중랑|127.076790328944|37.5950833462926|SES33M141
1201|120123|경춘선|회기|127.058537601316|37.5899221169641|SES33M142
1201|120124|경춘선|청량리|127.0486360630067|37.581273475892466|SES33M143
1201|120125|경춘선|광운대|127.061985215335|37.623916497664|SES5020
1301|130101|에버라인|기흥|127.11704645705142|37.27545287699772|SES3701
1301|130102|에버라인|강남대|127.12606689205987|37.27017072715994|SES3702
1301|130103|에버라인|지석|127.13663256032949|37.269737317702365|SES3703
1301|130104|에버라인|어정|127.14374986977646|37.27495131826632|SES3704
1301|130105|에버라인|동백|127.15269056435368|37.269101384338924|SES3705
1301|130106|에버라인|초당|127.15946923688787|37.26080647373655|SES3706
1301|130107|에버라인|삼가|127.16817999042203|37.24205993395667|SES3707
1301|130108|에버라인|시청?용인대|127.17888509175044|37.23944203003437|SES3708
1301|130109|에버라인|명지대|127.19029130857074|37.23807628801618|SES3709
1301|130110|에버라인|김량장|127.19861087939051|37.23732377067836|SES3710
1301|130111|에버라인|용인중앙시장|127.20905151782907|37.23791130233472|SES3711
1301|130112|에버라인|고진|127.21418360142515|37.244638336050315|SES3712
1301|130113|에버라인|보평|127.21363872279483|37.26721221736258|SES3714
1301|130114|에버라인|둔전|127.21363872279483|37.26721221736258|SES3714
1301|130115|에버라인|전대?에버랜드|127.21950896826833|37.28541326931372|SES3715
1501|150101|우이신설선|신설동|127.02320708440578|37.576550995373644|SES41M177
1501|150102|우이신설선|보문|127.019550510271|37.5850444246949|SES41M176
1501|150103|우이신설선|성신여대입구|127.013539545056|37.602614606648|SES41M174
1501|150104|우이신설선|정릉|127.013539545056|37.602614606648|SES41M174
1501|150105|우이신설선|북한산보국문|127.008263392003|37.6121367531121|SES41M173
1501|150106|우이신설선|솔샘|127.01355180603669|37.620259575206596|SES41M172
1501|150107|우이신설선|삼양사거리|127.020488845069|37.6213181360851|SES41M171
1501|150108|우이신설선|삼양|127.018156780705|37.6269190539283|SES41M170
1501|150109|우이신설선|화계|127.017510491529|37.6340873974011|SES41M169
1501|150110|우이신설선|가오리|127.01676896839822|37.6415440572233|SES41M168
1501|150111|우이신설선|4?19민주묘지|127.01369763482|37.6495307746374|SES41M167
1501|150112|우이신설선|솔밭공원|127.01275713087601|37.66288704047998|SES41M165
1501|150113|우이신설선|북한산우이|127.01275713087601|37.66288704047998|SES41M165
1601|160101|서해선|소사|126.79506057713336|37.482905634947286|SES42M191
1601|160102|서해선|소새울|126.79728159163491|37.46851045193921|SES42M192
1601|160103|서해선|시흥대야|126.792993796201|37.4500998726813|SES42M193
1601|160104|서해선|신천|126.78678508124932|37.43924604520613|SES42M194
1601|160105|서해선|신현|126.787838368873|37.40956486776796|SES42M195
1601|160106|서해선|시흥시청|126.80594809695735|37.38156161940996|SES42M196
1601|160107|서해선|시흥능곡|126.808721340419|37.3699465347315|SES42M197
1601|160108|서해선|달미|126.809416088572|37.3487879549025|SES42M198
1601|160109|서해선|선부|126.809989544577|37.3344084544244|SES42M199
1601|160110|서해선|초지|126.807842296925|37.3197434069867|SES42M200
1601|160111|서해선|시우|126.79574223454856|37.313163621585524|SES42M201
1601|160112|서해선|원시|126.786793532374|37.3026237626179|SES42M202
1601|160113|서해선|부천종합운동장|126.79760170408|37.5061541549989|SES42M278
1601|160114|서해선|원종|126.804845090802|37.5241890956788|SES42M279
1601|160115|서해선|김포공항|126.804151698874|37.5617956120178|SES42M280
1601|160116|서해선|능곡|126.82063426387445|37.61898698884321|SES4013
1601|160117|서해선|대곡|126.809720795002|37.6318575945755|SES42M282
1601|160118|서해선|곡산|126.8020266587125|37.64535157979578|SES42M283
1601|160119|서해선|백마|126.7947655346786|37.657797042058306|SES42M284
1601|160120|서해선|풍산|126.78651327978358|37.67193317670881|SES42M285
1601|160121|서해선|일산|126.77055391257012|37.68177882144443|SES42M286
1701|170101|김포골드|양촌|126.61462594837248|37.64178438994002|SES43M214
1701|170102|김포골드|구래|126.62857604330732|37.64539340715656|SES43M215
1701|170103|김포골드|마산|126.644004368759|37.6406117204577|SES43M216
1701|170104|김포골드|장기|126.66907862282|37.6440651946922|SES43M217
1701|170105|김포골드|운양|126.683844450975|37.6537750040601|SES43M218
1701|170106|김포골드|걸포북변|126.70577572197524|37.631638772756794|SES43M219
1701|170107|김포골드|사우|126.71976741873046|37.620321335136204|SES43M220
1701|170108|김포골드|풍무|126.7324492375288|37.61242840262763|SES43M221
1701|170109|김포골드|고촌|126.770325947061|37.601213413053|SES43M222
1701|170110|김포골드|김포공항|126.80199188908921|37.56232990369519|SES43M223
1801|180101|신림선|샛강|126.929463427672|37.5171662943088|SES45M266
1801|180102|신림선|대방|126.925415962213|37.5128137623052|SES45M267
1801|180103|신림선|서울지방병무청|126.922713971785|37.5060553927614|SES45M268
1801|180104|신림선|보라매|126.920436608423|37.5003072682843|SES45M269
1801|180105|신림선|보라매공원|126.918140532784|37.4954456720422|SES45M270
1801|180106|신림선|보라매병원|126.923549547206|37.4929643194464|SES45M271
1801|180107|신림선|당곡|126.927560844494|37.490223280126|SES45M272
1801|180108|신림선|신림|126.929629471493|37.4848815538296|SES45M273
1801|180109|신림선|서원|126.93310993651|37.4782386357719|SES45M274
1801|180110|신림선|서울대벤처타운|126.933959958388|37.4720023242775|SES45M275
1801|180111|신림선|관악산|126.94509952208|37.4690860478461|SES45M276
1901|190101|GTX-A|운정중앙|126.72814460393|37.716126583531|SES46M315
1901|190102|GTX-A|킨텍스|126.748256521974|37.665242745403|SES46M314
1901|190103|GTX-A|대곡|126.810475040471|37.6324057061898|SES46M313
1901|190104|GTX-A|연신내|126.920637714408|37.6189362438035|SES46M312
1901|190105|GTX-A|서울역|126.972636930856|37.5554875216741|SES46M311
1901|190106|GTX-A|수서|127.102558521485|37.4866365875118|SES46M293
1901|190107|GTX-A|성남|127.120547819505|37.3943277655731|SES46M292
1901|190108|GTX-A|구성|127.103860952138|37.2991066202884|SES46M294
1901|190109|GTX-A|동탄|127.09549558432|37.2009611445174|SES46M291